﻿<?xml version="1.0" encoding="utf-8"?>
<PVMarkPointSeriesElements Iterations="1" IterationDelay="1.00">
  <PVMarkPointElement Repetitions="0" UncagingLaser="473" UncagingLaserPower="0.78" TriggerFrequency="None" TriggerSelection="PFI0" TriggerCount="1" AsyncSyncFrequency="None" VoltageOutputCategoryName="None" VoltageRecCategoryName="None" parameterSet="CurrentSettings">
    <PVGalvoPointElement InitialDelay="20000" InterPointDelay="0.22" Duration="200" SpiralRevolutions="5" AllPointsAtOnce="False" Points="Point 1" Indices="1">
      <Point Index="1" X="0.7454694231375" Y="0.697034066279392" IsSpiral="True" SpiralWidth="0.104054858504475" SpiralHeight="0.104054858504475" />
    </PVGalvoPointElement>
  </PVMarkPointElement>
  <PVMarkPointElement Repetitions="1" UncagingLaser="473" UncagingLaserPower="0.785" TriggerFrequency="None" TriggerSelection="None" TriggerCount="1" AsyncSyncFrequency="None" VoltageOutputCategoryName="None" VoltageRecCategoryName="None" parameterSet="CurrentSettings">
    <PVGalvoPointElement InitialDelay="19799.78" InterPointDelay="0.22" Duration="200" SpiralRevolutions="5" AllPointsAtOnce="False" Points="Point 1" Indices="1">
      <Point Index="1" X="0.7454694231375" Y="0.697034066279392" IsSpiral="True" SpiralWidth="0.104054858504475" SpiralHeight="0.104054858504475" />
    </PVGalvoPointElement>
  </PVMarkPointElement>
  <PVMarkPointElement Repetitions="1" UncagingLaser="473" UncagingLaserPower="0.79" TriggerFrequency="None" TriggerSelection="None" TriggerCount="1" AsyncSyncFrequency="None" VoltageOutputCategoryName="None" VoltageRecCategoryName="None" parameterSet="CurrentSettings">
    <PVGalvoPointElement InitialDelay="19799.78" InterPointDelay="0.22" Duration="200" SpiralRevolutions="5" AllPointsAtOnce="False" Points="Point 1" Indices="1">
      <Point Index="1" X="0.7454694231375" Y="0.697034066279392" IsSpiral="True" SpiralWidth="0.104054858504475" SpiralHeight="0.104054858504475" />
    </PVGalvoPointElement>
  </PVMarkPointElement>
  <PVMarkPointElement Repetitions="1" UncagingLaser="473" UncagingLaserPower="0.795" TriggerFrequency="None" TriggerSelection="None" TriggerCount="1" AsyncSyncFrequency="None" VoltageOutputCategoryName="None" VoltageRecCategoryName="None" parameterSet="CurrentSettings">
    <PVGalvoPointElement InitialDelay="19799.78" InterPointDelay="0.22" Duration="200" SpiralRevolutions="5" AllPointsAtOnce="False" Points="Point 1" Indices="1">
      <Point Index="1" X="0.7454694231375" Y="0.697034066279392" IsSpiral="True" SpiralWidth="0.104054858504475" SpiralHeight="0.104054858504475" />
    </PVGalvoPointElement>
  </PVMarkPointElement>
  <PVMarkPointElement Repetitions="1" UncagingLaser="473" UncagingLaserPower="0.8" TriggerFrequency="None" TriggerSelection="None" TriggerCount="1" AsyncSyncFrequency="None" VoltageOutputCategoryName="None" VoltageRecCategoryName="None" parameterSet="CurrentSettings">
    <PVGalvoPointElement InitialDelay="19799.78" InterPointDelay="0.22" Duration="200" SpiralRevolutions="5" AllPointsAtOnce="False" Points="Point 1" Indices="1">
      <Point Index="1" X="0.7454694231375" Y="0.697034066279392" IsSpiral="True" SpiralWidth="0.104054858504475" SpiralHeight="0.104054858504475" />
    </PVGalvoPointElement>
  </PVMarkPointElement>
  <PVMarkPointElement Repetitions="1" UncagingLaser="473" UncagingLaserPower="0.805" TriggerFrequency="None" TriggerSelection="None" TriggerCount="1" AsyncSyncFrequency="None" VoltageOutputCategoryName="None" VoltageRecCategoryName="None" parameterSet="CurrentSettings">
    <PVGalvoPointElement InitialDelay="19799.78" InterPointDelay="0.22" Duration="200" SpiralRevolutions="5" AllPointsAtOnce="False" Points="Point 1" Indices="1">
      <Point Index="1" X="0.7454694231375" Y="0.697034066279392" IsSpiral="True" SpiralWidth="0.104054858504475" SpiralHeight="0.104054858504475" />
    </PVGalvoPointElement>
  </PVMarkPointElement>
  <PVMarkPointElement Repetitions="1" UncagingLaser="473" UncagingLaserPower="0.81" TriggerFrequency="None" TriggerSelection="None" TriggerCount="1" AsyncSyncFrequency="None" VoltageOutputCategoryName="None" VoltageRecCategoryName="None" parameterSet="CurrentSettings">
    <PVGalvoPointElement InitialDelay="19799.78" InterPointDelay="0.22" Duration="200" SpiralRevolutions="5" AllPointsAtOnce="False" Points="Point 1" Indices="1">
      <Point Index="1" X="0.7454694231375" Y="0.697034066279392" IsSpiral="True" SpiralWidth="0.104054858504475" SpiralHeight="0.104054858504475" />
    </PVGalvoPointElement>
  </PVMarkPointElement>
  <PVMarkPointElement Repetitions="1" UncagingLaser="473" UncagingLaserPower="0.815" TriggerFrequency="None" TriggerSelection="None" TriggerCount="1" AsyncSyncFrequency="None" VoltageOutputCategoryName="None" VoltageRecCategoryName="None" parameterSet="CurrentSettings">
    <PVGalvoPointElement InitialDelay="19799.78" InterPointDelay="0.22" Duration="200" SpiralRevolutions="5" AllPointsAtOnce="False" Points="Point 1" Indices="1">
      <Point Index="1" X="0.7454694231375" Y="0.697034066279392" IsSpiral="True" SpiralWidth="0.104054858504475" SpiralHeight="0.104054858504475" />
    </PVGalvoPointElement>
  </PVMarkPointElement>
  <PVMarkPointElement Repetitions="1" UncagingLaser="473" UncagingLaserPower="0.82" TriggerFrequency="None" TriggerSelection="None" TriggerCount="1" AsyncSyncFrequency="None" VoltageOutputCategoryName="None" VoltageRecCategoryName="None" parameterSet="CurrentSettings">
    <PVGalvoPointElement InitialDelay="19799.78" InterPointDelay="0.22" Duration="200" SpiralRevolutions="5" AllPointsAtOnce="False" Points="Point 1" Indices="1">
      <Point Index="1" X="0.7454694231375" Y="0.697034066279392" IsSpiral="True" SpiralWidth="0.104054858504475" SpiralHeight="0.104054858504475" />
    </PVGalvoPointElement>
  </PVMarkPointElement>
  <PVMarkPointElement Repetitions="1" UncagingLaser="473" UncagingLaserPower="0.825" TriggerFrequency="None" TriggerSelection="None" TriggerCount="1" AsyncSyncFrequency="None" VoltageOutputCategoryName="None" VoltageRecCategoryName="None" parameterSet="CurrentSettings">
    <PVGalvoPointElement InitialDelay="19799.78" InterPointDelay="0.22" Duration="200" SpiralRevolutions="5" AllPointsAtOnce="False" Points="Point 1" Indices="1">
      <Point Index="1" X="0.7454694231375" Y="0.697034066279392" IsSpiral="True" SpiralWidth="0.104054858504475" SpiralHeight="0.104054858504475" />
    </PVGalvoPointElement>
  </PVMarkPointElement>
</PVMarkPointSeriesElements>