﻿<?xml version="1.0" encoding="utf-8"?>
<PVMarkPointSeriesElements Iterations="2" IterationDelay="1.00">
  <PVMarkPointElement Repetitions="0" UncagingLaser="473" UncagingLaserPower="0.825" TriggerFrequency="None" TriggerSelection="PFI0" TriggerCount="1" AsyncSyncFrequency="FirstRepetition" VoltageOutputCategoryName="None" VoltageRecCategoryName="None" parameterSet="CurrentSettings">
    <PVGalvoPointElement InitialDelay="20000" InterPointDelay="0.22" Duration="200" SpiralRevolutions="5" AllPointsAtOnce="False" Points="Point 1" Indices="1">
      <Point Index="1" X="0.534246575342466" Y="0.26027397260274" IsSpiral="True" SpiralWidth="0.0509496092256571" SpiralHeight="0.0509496092256571" />
    </PVGalvoPointElement>
  </PVMarkPointElement>
  <PVMarkPointElement Repetitions="1" UncagingLaser="473" UncagingLaserPower="0.825" TriggerFrequency="None" TriggerSelection="None" TriggerCount="1" AsyncSyncFrequency="None" VoltageOutputCategoryName="None" VoltageRecCategoryName="None" parameterSet="CurrentSettings">
    <PVGalvoPointElement InitialDelay="19799.78" InterPointDelay="0.22" Duration="200" SpiralRevolutions="5" AllPointsAtOnce="False" Points="Point 2" Indices="2">
      <Point Index="2" X="0.407045009784736" Y="0.596868884540117" IsSpiral="True" SpiralWidth="0.0509496092256571" SpiralHeight="0.0509496092256571" />
    </PVGalvoPointElement>
  </PVMarkPointElement>
  <PVMarkPointElement Repetitions="1" UncagingLaser="473" UncagingLaserPower="0.825" TriggerFrequency="None" TriggerSelection="None" TriggerCount="1" AsyncSyncFrequency="None" VoltageOutputCategoryName="None" VoltageRecCategoryName="None" parameterSet="CurrentSettings">
    <PVGalvoPointElement InitialDelay="19799.78" InterPointDelay="0.22" Duration="200" SpiralRevolutions="5" AllPointsAtOnce="False" Points="Point 3" Indices="3">
      <Point Index="3" X="0.915851272015656" Y="0.142857142857143" IsSpiral="True" SpiralWidth="0.0509496092256571" SpiralHeight="0.0509496092256571" />
    </PVGalvoPointElement>
  </PVMarkPointElement>
</PVMarkPointSeriesElements>