﻿<?xml version="1.0" encoding="utf-8"?>
<PVScan version="5.4.64.600" date="6/3/2019 10:58:21 AM" notes="">
  <SystemIDs SystemID="AB57-D6D1-CFC1-9660-3091-21ED-A072-1DD6">
    <SystemID SystemID="4257" Description="Ultima IV" />
  </SystemIDs>
  <PVStateShard>
    <PVStateValue key="activeMode" value="Galvo" />
    <PVStateValue key="bitDepth" value="13" />
    <PVStateValue key="currentScanAmplitude">
      <IndexedValue index="XAxis" value="6" />
      <IndexedValue index="YAxis" value="-6" />
    </PVStateValue>
    <PVStateValue key="currentScanCenter">
      <IndexedValue index="XAxis" value="0" />
      <IndexedValue index="YAxis" value="0" />
    </PVStateValue>
    <PVStateValue key="dwellTime" value="8" />
    <PVStateValue key="framePeriod" value="0.592364738483266" />
    <PVStateValue key="interlacedScanChannelMapping">
      <IndexedValue index="0" value="0" />
      <IndexedValue index="1" value="1" />
      <IndexedValue index="2" value="2" />
      <IndexedValue index="3" value="3" />
    </PVStateValue>
    <PVStateValue key="interlacedScanTrackCount" value="0" />
    <PVStateValue key="interlacedScanTrackMapping">
      <IndexedValue index="0" value="-1" />
      <IndexedValue index="1" value="-1" />
      <IndexedValue index="2" value="-1" />
      <IndexedValue index="3" value="-1" />
    </PVStateValue>
    <PVStateValue key="laserPower">
      <IndexedValue index="0" value="140" description="Pockels" />
      <IndexedValue index="1" value="0" description="473" />
    </PVStateValue>
    <PVStateValue key="laserPowerAttenuation">
      <IndexedValue index="0" value="0" description="Pockels" />
    </PVStateValue>
    <PVStateValue key="laserPowerMode">
      <IndexedValue index="0" value="0" />
    </PVStateValue>
    <PVStateValue key="laserWavelength">
      <IndexedValue index="0" value="940" description="Mai Tai" />
    </PVStateValue>
    <PVStateValue key="linesPerFrame" value="256" />
    <PVStateValue key="maxVoltage">
      <IndexedValue index="XAxis" value="0.899744049394773" />
      <IndexedValue index="YAxis" value="-1.29504427609469" />
    </PVStateValue>
    <PVStateValue key="micronsPerPixel">
      <IndexedValue index="XAxis" value="0.383344451446047" />
      <IndexedValue index="YAxis" value="0.383344451446047" />
      <IndexedValue index="ZAxis" value="1" />
    </PVStateValue>
    <PVStateValue key="minVoltage">
      <IndexedValue index="XAxis" value="-0.899744049394773" />
      <IndexedValue index="YAxis" value="1.29504427609469" />
    </PVStateValue>
    <PVStateValue key="objectiveLens" value="20x" />
    <PVStateValue key="objectiveLensMag" value="20" />
    <PVStateValue key="objectiveLensNA" value="1" />
    <PVStateValue key="opticalZoom" value="5.38091810187457" />
    <PVStateValue key="pixelsPerLine" value="256" />
    <PVStateValue key="pmtGain">
      <IndexedValue index="0" value="0" description="Ch 1 HV" />
      <IndexedValue index="1" value="1063.829787234" description="Ch 2 HV" />
    </PVStateValue>
    <PVStateValue key="positionCurrent">
      <SubindexedValues index="XAxis">
        <SubindexedValue subindex="0" value="-98.806" />
      </SubindexedValues>
      <SubindexedValues index="YAxis">
        <SubindexedValue subindex="0" value="81.1785268414482" />
      </SubindexedValues>
      <SubindexedValues index="ZAxis">
        <SubindexedValue subindex="0" value="52.1216730038023" description="Z-motor" />
        <SubindexedValue subindex="1" value="0" description="Z-piezo" />
      </SubindexedValues>
    </PVStateValue>
    <PVStateValue key="preampFilter" value="Filter750KHz" description="0.75 MHz" />
    <PVStateValue key="preampGain">
      <SubindexedValues index="0">
        <SubindexedValue subindex="0" value="0" description="Ch1" />
        <SubindexedValue subindex="1" value="0" description="Ch2" />
      </SubindexedValues>
    </PVStateValue>
    <PVStateValue key="preampOffset">
      <SubindexedValues index="0">
        <SubindexedValue subindex="0" value="0" description="Ch1" />
        <SubindexedValue subindex="1" value="0" description="Ch2" />
      </SubindexedValues>
    </PVStateValue>
    <PVStateValue key="rastersPerFrame" value="1" />
    <PVStateValue key="rotation" value="-10.21" />
    <PVStateValue key="scanLinePeriod" value="0.00230492116141349" />
    <PVStateValue key="twophotonLaserPower">
      <IndexedValue index="0" value="1300.42" />
    </PVStateValue>
    <PVStateValue key="useInterlacedScanPattern" value="False" />
    <PVStateValue key="xYStageGridIndex" value="1" />
    <PVStateValue key="xYStageGridXIndex" value="1" />
    <PVStateValue key="xYStageGridYIndex" value="1" />
    <PVStateValue key="yAspectExpansion" value="1" />
    <PVStateValue key="zDevice" value="0" />
  </PVStateShard>
  <Sequence type="TSeries Timed Element" cycle="1" time="10:58:21.5743519" xYStageGridDefined="False" xYStageGridNumXPositions="4" xYStageGridNumYPositions="4" xYStageGridOverlapPercentage="0" xYStageGridXOverlap="0" xYStageGridYOverlap="0">
    <PVStateShard />
    <MarkPoints triggerModeOverride="PFI0" filename="TSeries-06032019-0924-004_Cycle00001_MarkPoints.xml" />
    <Frame relativeTime="0" absoluteTime="0.327000000000226" index="1" parameterSet="CurrentSettings">
      <File channel="2" channelName="Ch2" filename="TSeries-06032019-0924-004_Cycle00001_Ch2_000001.ome.tif" />
      <ExtraParameters lastGoodFrame="0" />
      <PVStateShard />
    </Frame>
    <Frame relativeTime="0.592364738483266" absoluteTime="0.919364738483492" index="2" parameterSet="CurrentSettings">
      <File channel="2" channelName="Ch2" filename="TSeries-06032019-0924-004_Cycle00001_Ch2_000002.ome.tif" />
      <ExtraParameters lastGoodFrame="0" />
      <PVStateShard />
    </Frame>
    <Frame relativeTime="1.18472947696653" absoluteTime="1.51172947696676" index="3" parameterSet="CurrentSettings">
      <File channel="2" channelName="Ch2" filename="TSeries-06032019-0924-004_Cycle00001_Ch2_000003.ome.tif" />
      <ExtraParameters lastGoodFrame="0" />
      <PVStateShard />
    </Frame>
    <Frame relativeTime="1.7770942154498" absoluteTime="2.10409421545002" index="4" parameterSet="CurrentSettings">
      <File channel="2" channelName="Ch2" filename="TSeries-06032019-0924-004_Cycle00001_Ch2_000004.ome.tif" />
      <ExtraParameters lastGoodFrame="0" />
      <PVStateShard />
    </Frame>
    <Frame relativeTime="2.36945895393306" absoluteTime="2.69645895393329" index="5" parameterSet="CurrentSettings">
      <File channel="2" channelName="Ch2" filename="TSeries-06032019-0924-004_Cycle00001_Ch2_000005.ome.tif" />
      <ExtraParameters lastGoodFrame="0" />
      <PVStateShard />
    </Frame>
    <Frame relativeTime="2.96182369241633" absoluteTime="3.28882369241656" index="6" parameterSet="CurrentSettings">
      <File channel="2" channelName="Ch2" filename="TSeries-06032019-0924-004_Cycle00001_Ch2_000006.ome.tif" />
      <ExtraParameters lastGoodFrame="0" />
      <PVStateShard />
    </Frame>
    <Frame relativeTime="3.5541884308996" absoluteTime="3.88118843089982" index="7" parameterSet="CurrentSettings">
      <File channel="2" channelName="Ch2" filename="TSeries-06032019-0924-004_Cycle00001_Ch2_000007.ome.tif" />
      <ExtraParameters lastGoodFrame="0" />
      <PVStateShard />
    </Frame>
    <Frame relativeTime="4.14655316938286" absoluteTime="4.47355316938309" index="8" parameterSet="CurrentSettings">
      <File channel="2" channelName="Ch2" filename="TSeries-06032019-0924-004_Cycle00001_Ch2_000008.ome.tif" />
      <ExtraParameters lastGoodFrame="0" />
      <PVStateShard />
    </Frame>
    <Frame relativeTime="4.73891790786613" absoluteTime="5.06591790786636" index="9" parameterSet="CurrentSettings">
      <File channel="2" channelName="Ch2" filename="TSeries-06032019-0924-004_Cycle00001_Ch2_000009.ome.tif" />
      <ExtraParameters lastGoodFrame="0" />
      <PVStateShard />
    </Frame>
    <Frame relativeTime="5.3312826463494" absoluteTime="5.65828264634962" index="10" parameterSet="CurrentSettings">
      <File channel="2" channelName="Ch2" filename="TSeries-06032019-0924-004_Cycle00001_Ch2_000010.ome.tif" />
      <ExtraParameters lastGoodFrame="0" />
      <PVStateShard />
    </Frame>
    <Frame relativeTime="5.92364738483266" absoluteTime="6.25064738483289" index="11" parameterSet="CurrentSettings">
      <File channel="2" channelName="Ch2" filename="TSeries-06032019-0924-004_Cycle00001_Ch2_000011.ome.tif" />
      <ExtraParameters lastGoodFrame="0" />
      <PVStateShard />
    </Frame>
    <Frame relativeTime="6.51601212331593" absoluteTime="6.84301212331615" index="12" parameterSet="CurrentSettings">
      <File channel="2" channelName="Ch2" filename="TSeries-06032019-0924-004_Cycle00001_Ch2_000012.ome.tif" />
      <ExtraParameters lastGoodFrame="0" />
      <PVStateShard />
    </Frame>
    <Frame relativeTime="7.10837686179919" absoluteTime="7.43537686179942" index="13" parameterSet="CurrentSettings">
      <File channel="2" channelName="Ch2" filename="TSeries-06032019-0924-004_Cycle00001_Ch2_000013.ome.tif" />
      <ExtraParameters lastGoodFrame="0" />
      <PVStateShard />
    </Frame>
    <Frame relativeTime="7.70074160028246" absoluteTime="8.02774160028269" index="14" parameterSet="CurrentSettings">
      <File channel="2" channelName="Ch2" filename="TSeries-06032019-0924-004_Cycle00001_Ch2_000014.ome.tif" />
      <ExtraParameters lastGoodFrame="0" />
      <PVStateShard />
    </Frame>
    <Frame relativeTime="8.29310633876573" absoluteTime="8.62010633876595" index="15" parameterSet="CurrentSettings">
      <File channel="2" channelName="Ch2" filename="TSeries-06032019-0924-004_Cycle00001_Ch2_000015.ome.tif" />
      <ExtraParameters lastGoodFrame="0" />
      <PVStateShard />
    </Frame>
    <Frame relativeTime="8.88547107724899" absoluteTime="9.21247107724922" index="16" parameterSet="CurrentSettings">
      <File channel="2" channelName="Ch2" filename="TSeries-06032019-0924-004_Cycle00001_Ch2_000016.ome.tif" />
      <ExtraParameters lastGoodFrame="0" />
      <PVStateShard />
    </Frame>
    <Frame relativeTime="9.47783581573226" absoluteTime="9.80483581573248" index="17" parameterSet="CurrentSettings">
      <File channel="2" channelName="Ch2" filename="TSeries-06032019-0924-004_Cycle00001_Ch2_000017.ome.tif" />
      <ExtraParameters lastGoodFrame="0" />
      <PVStateShard />
    </Frame>
    <Frame relativeTime="10.0702005542155" absoluteTime="10.3972005542158" index="18" parameterSet="CurrentSettings">
      <File channel="2" channelName="Ch2" filename="TSeries-06032019-0924-004_Cycle00001_Ch2_000018.ome.tif" />
      <ExtraParameters lastGoodFrame="0" />
      <PVStateShard />
    </Frame>
    <Frame relativeTime="10.6625652926988" absoluteTime="10.989565292699" index="19" parameterSet="CurrentSettings">
      <File channel="2" channelName="Ch2" filename="TSeries-06032019-0924-004_Cycle00001_Ch2_000019.ome.tif" />
      <ExtraParameters lastGoodFrame="0" />
      <PVStateShard />
    </Frame>
    <Frame relativeTime="11.2549300311821" absoluteTime="11.5819300311823" index="20" parameterSet="CurrentSettings">
      <File channel="2" channelName="Ch2" filename="TSeries-06032019-0924-004_Cycle00001_Ch2_000020.ome.tif" />
      <ExtraParameters lastGoodFrame="0" />
      <PVStateShard />
    </Frame>
    <Frame relativeTime="11.8472947696653" absoluteTime="12.1742947696656" index="21" parameterSet="CurrentSettings">
      <File channel="2" channelName="Ch2" filename="TSeries-06032019-0924-004_Cycle00001_Ch2_000021.ome.tif" />
      <ExtraParameters lastGoodFrame="0" />
      <PVStateShard />
    </Frame>
    <Frame relativeTime="12.4396595081486" absoluteTime="12.7666595081488" index="22" parameterSet="CurrentSettings">
      <File channel="2" channelName="Ch2" filename="TSeries-06032019-0924-004_Cycle00001_Ch2_000022.ome.tif" />
      <ExtraParameters lastGoodFrame="0" />
      <PVStateShard />
    </Frame>
    <Frame relativeTime="13.0320242466319" absoluteTime="13.3590242466321" index="23" parameterSet="CurrentSettings">
      <File channel="2" channelName="Ch2" filename="TSeries-06032019-0924-004_Cycle00001_Ch2_000023.ome.tif" />
      <ExtraParameters lastGoodFrame="0" />
      <PVStateShard />
    </Frame>
    <Frame relativeTime="13.6243889851151" absoluteTime="13.9513889851153" index="24" parameterSet="CurrentSettings">
      <File channel="2" channelName="Ch2" filename="TSeries-06032019-0924-004_Cycle00001_Ch2_000024.ome.tif" />
      <ExtraParameters lastGoodFrame="0" />
      <PVStateShard />
    </Frame>
    <Frame relativeTime="14.2167537235984" absoluteTime="14.5437537235986" index="25" parameterSet="CurrentSettings">
      <File channel="2" channelName="Ch2" filename="TSeries-06032019-0924-004_Cycle00001_Ch2_000025.ome.tif" />
      <ExtraParameters lastGoodFrame="0" />
      <PVStateShard />
    </Frame>
    <Frame relativeTime="14.8091184620817" absoluteTime="15.1361184620819" index="26" parameterSet="CurrentSettings">
      <File channel="2" channelName="Ch2" filename="TSeries-06032019-0924-004_Cycle00001_Ch2_000026.ome.tif" />
      <ExtraParameters lastGoodFrame="0" />
      <PVStateShard />
    </Frame>
    <Frame relativeTime="15.4014832005649" absoluteTime="15.7284832005651" index="27" parameterSet="CurrentSettings">
      <File channel="2" channelName="Ch2" filename="TSeries-06032019-0924-004_Cycle00001_Ch2_000027.ome.tif" />
      <ExtraParameters lastGoodFrame="0" />
      <PVStateShard />
    </Frame>
    <Frame relativeTime="15.9938479390482" absoluteTime="16.3208479390484" index="28" parameterSet="CurrentSettings">
      <File channel="2" channelName="Ch2" filename="TSeries-06032019-0924-004_Cycle00001_Ch2_000028.ome.tif" />
      <ExtraParameters lastGoodFrame="0" />
      <PVStateShard />
    </Frame>
    <Frame relativeTime="16.5862126775315" absoluteTime="16.9132126775317" index="29" parameterSet="CurrentSettings">
      <File channel="2" channelName="Ch2" filename="TSeries-06032019-0924-004_Cycle00001_Ch2_000029.ome.tif" />
      <ExtraParameters lastGoodFrame="0" />
      <PVStateShard />
    </Frame>
    <Frame relativeTime="17.1785774160147" absoluteTime="17.5055774160149" index="30" parameterSet="CurrentSettings">
      <File channel="2" channelName="Ch2" filename="TSeries-06032019-0924-004_Cycle00001_Ch2_000030.ome.tif" />
      <ExtraParameters lastGoodFrame="0" />
      <PVStateShard />
    </Frame>
    <Frame relativeTime="17.770942154498" absoluteTime="18.0979421544982" index="31" parameterSet="CurrentSettings">
      <File channel="2" channelName="Ch2" filename="TSeries-06032019-0924-004_Cycle00001_Ch2_000031.ome.tif" />
      <ExtraParameters lastGoodFrame="0" />
      <PVStateShard />
    </Frame>
    <Frame relativeTime="18.3633068929813" absoluteTime="18.6903068929815" index="32" parameterSet="CurrentSettings">
      <File channel="2" channelName="Ch2" filename="TSeries-06032019-0924-004_Cycle00001_Ch2_000032.ome.tif" />
      <ExtraParameters lastGoodFrame="0" />
      <PVStateShard />
    </Frame>
    <Frame relativeTime="18.9556716314645" absoluteTime="19.2826716314647" index="33" parameterSet="CurrentSettings">
      <File channel="2" channelName="Ch2" filename="TSeries-06032019-0924-004_Cycle00001_Ch2_000033.ome.tif" />
      <ExtraParameters lastGoodFrame="0" />
      <PVStateShard />
    </Frame>
    <Frame relativeTime="19.5480363699478" absoluteTime="19.875036369948" index="34" parameterSet="CurrentSettings">
      <File channel="2" channelName="Ch2" filename="TSeries-06032019-0924-004_Cycle00001_Ch2_000034.ome.tif" />
      <ExtraParameters lastGoodFrame="0" />
      <PVStateShard />
    </Frame>
    <Frame relativeTime="20.1404011084311" absoluteTime="20.4674011084313" index="35" parameterSet="CurrentSettings">
      <File channel="2" channelName="Ch2" filename="TSeries-06032019-0924-004_Cycle00001_Ch2_000035.ome.tif" />
      <ExtraParameters lastGoodFrame="0" />
      <PVStateShard />
    </Frame>
    <Frame relativeTime="20.7327658469143" absoluteTime="21.0597658469145" index="36" parameterSet="CurrentSettings">
      <File channel="2" channelName="Ch2" filename="TSeries-06032019-0924-004_Cycle00001_Ch2_000036.ome.tif" />
      <ExtraParameters lastGoodFrame="0" />
      <PVStateShard />
    </Frame>
    <Frame relativeTime="21.3251305853976" absoluteTime="21.6521305853978" index="37" parameterSet="CurrentSettings">
      <File channel="2" channelName="Ch2" filename="TSeries-06032019-0924-004_Cycle00001_Ch2_000037.ome.tif" />
      <ExtraParameters lastGoodFrame="0" />
      <PVStateShard />
    </Frame>
    <Frame relativeTime="21.9174953238809" absoluteTime="22.2444953238811" index="38" parameterSet="CurrentSettings">
      <File channel="2" channelName="Ch2" filename="TSeries-06032019-0924-004_Cycle00001_Ch2_000038.ome.tif" />
      <ExtraParameters lastGoodFrame="0" />
      <PVStateShard />
    </Frame>
    <Frame relativeTime="22.5098600623641" absoluteTime="22.8368600623643" index="39" parameterSet="CurrentSettings">
      <File channel="2" channelName="Ch2" filename="TSeries-06032019-0924-004_Cycle00001_Ch2_000039.ome.tif" />
      <ExtraParameters lastGoodFrame="0" />
      <PVStateShard />
    </Frame>
    <Frame relativeTime="23.1022248008474" absoluteTime="23.4292248008476" index="40" parameterSet="CurrentSettings">
      <File channel="2" channelName="Ch2" filename="TSeries-06032019-0924-004_Cycle00001_Ch2_000040.ome.tif" />
      <ExtraParameters lastGoodFrame="0" />
      <PVStateShard />
    </Frame>
    <Frame relativeTime="23.6945895393307" absoluteTime="24.0215895393309" index="41" parameterSet="CurrentSettings">
      <File channel="2" channelName="Ch2" filename="TSeries-06032019-0924-004_Cycle00001_Ch2_000041.ome.tif" />
      <ExtraParameters lastGoodFrame="0" />
      <PVStateShard />
    </Frame>
    <Frame relativeTime="24.2869542778139" absoluteTime="24.6139542778141" index="42" parameterSet="CurrentSettings">
      <File channel="2" channelName="Ch2" filename="TSeries-06032019-0924-004_Cycle00001_Ch2_000042.ome.tif" />
      <ExtraParameters lastGoodFrame="0" />
      <PVStateShard />
    </Frame>
    <Frame relativeTime="24.8793190162972" absoluteTime="25.2063190162974" index="43" parameterSet="CurrentSettings">
      <File channel="2" channelName="Ch2" filename="TSeries-06032019-0924-004_Cycle00001_Ch2_000043.ome.tif" />
      <ExtraParameters lastGoodFrame="0" />
      <PVStateShard />
    </Frame>
    <Frame relativeTime="25.4716837547804" absoluteTime="25.7986837547807" index="44" parameterSet="CurrentSettings">
      <File channel="2" channelName="Ch2" filename="TSeries-06032019-0924-004_Cycle00001_Ch2_000044.ome.tif" />
      <ExtraParameters lastGoodFrame="0" />
      <PVStateShard />
    </Frame>
    <Frame relativeTime="26.0640484932637" absoluteTime="26.3910484932639" index="45" parameterSet="CurrentSettings">
      <File channel="2" channelName="Ch2" filename="TSeries-06032019-0924-004_Cycle00001_Ch2_000045.ome.tif" />
      <ExtraParameters lastGoodFrame="0" />
      <PVStateShard />
    </Frame>
    <Frame relativeTime="26.656413231747" absoluteTime="26.9834132317472" index="46" parameterSet="CurrentSettings">
      <File channel="2" channelName="Ch2" filename="TSeries-06032019-0924-004_Cycle00001_Ch2_000046.ome.tif" />
      <ExtraParameters lastGoodFrame="0" />
      <PVStateShard />
    </Frame>
    <Frame relativeTime="27.2487779702302" absoluteTime="27.5757779702305" index="47" parameterSet="CurrentSettings">
      <File channel="2" channelName="Ch2" filename="TSeries-06032019-0924-004_Cycle00001_Ch2_000047.ome.tif" />
      <ExtraParameters lastGoodFrame="0" />
      <PVStateShard />
    </Frame>
    <Frame relativeTime="27.8411427087135" absoluteTime="28.1681427087137" index="48" parameterSet="CurrentSettings">
      <File channel="2" channelName="Ch2" filename="TSeries-06032019-0924-004_Cycle00001_Ch2_000048.ome.tif" />
      <ExtraParameters lastGoodFrame="0" />
      <PVStateShard />
    </Frame>
    <Frame relativeTime="28.4335074471968" absoluteTime="28.760507447197" index="49" parameterSet="CurrentSettings">
      <File channel="2" channelName="Ch2" filename="TSeries-06032019-0924-004_Cycle00001_Ch2_000049.ome.tif" />
      <ExtraParameters lastGoodFrame="0" />
      <PVStateShard />
    </Frame>
    <Frame relativeTime="29.02587218568" absoluteTime="29.3528721856803" index="50" parameterSet="CurrentSettings">
      <File channel="2" channelName="Ch2" filename="TSeries-06032019-0924-004_Cycle00001_Ch2_000050.ome.tif" />
      <ExtraParameters lastGoodFrame="0" />
      <PVStateShard />
    </Frame>
    <Frame relativeTime="29.6182369241633" absoluteTime="29.9452369241635" index="51" parameterSet="CurrentSettings">
      <File channel="2" channelName="Ch2" filename="TSeries-06032019-0924-004_Cycle00001_Ch2_000051.ome.tif" />
      <ExtraParameters lastGoodFrame="0" />
      <PVStateShard />
    </Frame>
    <Frame relativeTime="30.2106016626466" absoluteTime="30.5376016626468" index="52" parameterSet="CurrentSettings">
      <File channel="2" channelName="Ch2" filename="TSeries-06032019-0924-004_Cycle00001_Ch2_000052.ome.tif" />
      <ExtraParameters lastGoodFrame="0" />
      <PVStateShard />
    </Frame>
    <Frame relativeTime="30.8029664011298" absoluteTime="31.1299664011301" index="53" parameterSet="CurrentSettings">
      <File channel="2" channelName="Ch2" filename="TSeries-06032019-0924-004_Cycle00001_Ch2_000053.ome.tif" />
      <ExtraParameters lastGoodFrame="0" />
      <PVStateShard />
    </Frame>
    <Frame relativeTime="31.3953311396131" absoluteTime="31.7223311396133" index="54" parameterSet="CurrentSettings">
      <File channel="2" channelName="Ch2" filename="TSeries-06032019-0924-004_Cycle00001_Ch2_000054.ome.tif" />
      <ExtraParameters lastGoodFrame="0" />
      <PVStateShard />
    </Frame>
    <Frame relativeTime="31.9876958780964" absoluteTime="32.3146958780966" index="55" parameterSet="CurrentSettings">
      <File channel="2" channelName="Ch2" filename="TSeries-06032019-0924-004_Cycle00001_Ch2_000055.ome.tif" />
      <ExtraParameters lastGoodFrame="0" />
      <PVStateShard />
    </Frame>
    <Frame relativeTime="32.5800606165796" absoluteTime="32.9070606165799" index="56" parameterSet="CurrentSettings">
      <File channel="2" channelName="Ch2" filename="TSeries-06032019-0924-004_Cycle00001_Ch2_000056.ome.tif" />
      <ExtraParameters lastGoodFrame="0" />
      <PVStateShard />
    </Frame>
    <Frame relativeTime="33.1724253550629" absoluteTime="33.4994253550631" index="57" parameterSet="CurrentSettings">
      <File channel="2" channelName="Ch2" filename="TSeries-06032019-0924-004_Cycle00001_Ch2_000057.ome.tif" />
      <ExtraParameters lastGoodFrame="0" />
      <PVStateShard />
    </Frame>
    <Frame relativeTime="33.7647900935462" absoluteTime="34.0917900935464" index="58" parameterSet="CurrentSettings">
      <File channel="2" channelName="Ch2" filename="TSeries-06032019-0924-004_Cycle00001_Ch2_000058.ome.tif" />
      <ExtraParameters lastGoodFrame="0" />
      <PVStateShard />
    </Frame>
    <Frame relativeTime="34.3571548320294" absoluteTime="34.6841548320297" index="59" parameterSet="CurrentSettings">
      <File channel="2" channelName="Ch2" filename="TSeries-06032019-0924-004_Cycle00001_Ch2_000059.ome.tif" />
      <ExtraParameters lastGoodFrame="0" />
      <PVStateShard />
    </Frame>
    <Frame relativeTime="34.9495195705127" absoluteTime="35.2765195705129" index="60" parameterSet="CurrentSettings">
      <File channel="2" channelName="Ch2" filename="TSeries-06032019-0924-004_Cycle00001_Ch2_000060.ome.tif" />
      <ExtraParameters lastGoodFrame="0" />
      <PVStateShard />
    </Frame>
    <Frame relativeTime="35.541884308996" absoluteTime="35.8688843089962" index="61" parameterSet="CurrentSettings">
      <File channel="2" channelName="Ch2" filename="TSeries-06032019-0924-004_Cycle00001_Ch2_000061.ome.tif" />
      <ExtraParameters lastGoodFrame="0" />
      <PVStateShard />
    </Frame>
    <Frame relativeTime="36.1342490474792" absoluteTime="36.4612490474795" index="62" parameterSet="CurrentSettings">
      <File channel="2" channelName="Ch2" filename="TSeries-06032019-0924-004_Cycle00001_Ch2_000062.ome.tif" />
      <ExtraParameters lastGoodFrame="0" />
      <PVStateShard />
    </Frame>
    <Frame relativeTime="36.7266137859625" absoluteTime="37.0536137859627" index="63" parameterSet="CurrentSettings">
      <File channel="2" channelName="Ch2" filename="TSeries-06032019-0924-004_Cycle00001_Ch2_000063.ome.tif" />
      <ExtraParameters lastGoodFrame="0" />
      <PVStateShard />
    </Frame>
    <Frame relativeTime="37.3189785244458" absoluteTime="37.645978524446" index="64" parameterSet="CurrentSettings">
      <File channel="2" channelName="Ch2" filename="TSeries-06032019-0924-004_Cycle00001_Ch2_000064.ome.tif" />
      <ExtraParameters lastGoodFrame="0" />
      <PVStateShard />
    </Frame>
    <Frame relativeTime="37.911343262929" absoluteTime="38.2383432629293" index="65" parameterSet="CurrentSettings">
      <File channel="2" channelName="Ch2" filename="TSeries-06032019-0924-004_Cycle00001_Ch2_000065.ome.tif" />
      <ExtraParameters lastGoodFrame="0" />
      <PVStateShard />
    </Frame>
    <Frame relativeTime="38.5037080014123" absoluteTime="38.8307080014125" index="66" parameterSet="CurrentSettings">
      <File channel="2" channelName="Ch2" filename="TSeries-06032019-0924-004_Cycle00001_Ch2_000066.ome.tif" />
      <ExtraParameters lastGoodFrame="0" />
      <PVStateShard />
    </Frame>
    <Frame relativeTime="39.0960727398956" absoluteTime="39.4230727398958" index="67" parameterSet="CurrentSettings">
      <File channel="2" channelName="Ch2" filename="TSeries-06032019-0924-004_Cycle00001_Ch2_000067.ome.tif" />
      <ExtraParameters lastGoodFrame="0" />
      <PVStateShard />
    </Frame>
    <Frame relativeTime="39.6884374783788" absoluteTime="40.0154374783791" index="68" parameterSet="CurrentSettings">
      <File channel="2" channelName="Ch2" filename="TSeries-06032019-0924-004_Cycle00001_Ch2_000068.ome.tif" />
      <ExtraParameters lastGoodFrame="0" />
      <PVStateShard />
    </Frame>
    <Frame relativeTime="40.2808022168621" absoluteTime="40.6078022168623" index="69" parameterSet="CurrentSettings">
      <File channel="2" channelName="Ch2" filename="TSeries-06032019-0924-004_Cycle00001_Ch2_000069.ome.tif" />
      <ExtraParameters lastGoodFrame="0" />
      <PVStateShard />
    </Frame>
    <Frame relativeTime="40.8731669553454" absoluteTime="41.2001669553456" index="70" parameterSet="CurrentSettings">
      <File channel="2" channelName="Ch2" filename="TSeries-06032019-0924-004_Cycle00001_Ch2_000070.ome.tif" />
      <ExtraParameters lastGoodFrame="0" />
      <PVStateShard />
    </Frame>
    <Frame relativeTime="41.4655316938286" absoluteTime="41.7925316938289" index="71" parameterSet="CurrentSettings">
      <File channel="2" channelName="Ch2" filename="TSeries-06032019-0924-004_Cycle00001_Ch2_000071.ome.tif" />
      <ExtraParameters lastGoodFrame="0" />
      <PVStateShard />
    </Frame>
    <Frame relativeTime="42.0578964323119" absoluteTime="42.3848964323121" index="72" parameterSet="CurrentSettings">
      <File channel="2" channelName="Ch2" filename="TSeries-06032019-0924-004_Cycle00001_Ch2_000072.ome.tif" />
      <ExtraParameters lastGoodFrame="0" />
      <PVStateShard />
    </Frame>
    <Frame relativeTime="42.6502611707952" absoluteTime="42.9772611707954" index="73" parameterSet="CurrentSettings">
      <File channel="2" channelName="Ch2" filename="TSeries-06032019-0924-004_Cycle00001_Ch2_000073.ome.tif" />
      <ExtraParameters lastGoodFrame="0" />
      <PVStateShard />
    </Frame>
    <Frame relativeTime="43.2426259092784" absoluteTime="43.5696259092787" index="74" parameterSet="CurrentSettings">
      <File channel="2" channelName="Ch2" filename="TSeries-06032019-0924-004_Cycle00001_Ch2_000074.ome.tif" />
      <ExtraParameters lastGoodFrame="0" />
      <PVStateShard />
    </Frame>
    <Frame relativeTime="43.8349906477617" absoluteTime="44.1619906477619" index="75" parameterSet="CurrentSettings">
      <File channel="2" channelName="Ch2" filename="TSeries-06032019-0924-004_Cycle00001_Ch2_000075.ome.tif" />
      <ExtraParameters lastGoodFrame="0" />
      <PVStateShard />
    </Frame>
    <Frame relativeTime="44.427355386245" absoluteTime="44.7543553862452" index="76" parameterSet="CurrentSettings">
      <File channel="2" channelName="Ch2" filename="TSeries-06032019-0924-004_Cycle00001_Ch2_000076.ome.tif" />
      <ExtraParameters lastGoodFrame="0" />
      <PVStateShard />
    </Frame>
    <Frame relativeTime="45.0197201247282" absoluteTime="45.3467201247285" index="77" parameterSet="CurrentSettings">
      <File channel="2" channelName="Ch2" filename="TSeries-06032019-0924-004_Cycle00001_Ch2_000077.ome.tif" />
      <ExtraParameters lastGoodFrame="0" />
      <PVStateShard />
    </Frame>
    <Frame relativeTime="45.6120848632115" absoluteTime="45.9390848632117" index="78" parameterSet="CurrentSettings">
      <File channel="2" channelName="Ch2" filename="TSeries-06032019-0924-004_Cycle00001_Ch2_000078.ome.tif" />
      <ExtraParameters lastGoodFrame="0" />
      <PVStateShard />
    </Frame>
    <Frame relativeTime="46.2044496016948" absoluteTime="46.531449601695" index="79" parameterSet="CurrentSettings">
      <File channel="2" channelName="Ch2" filename="TSeries-06032019-0924-004_Cycle00001_Ch2_000079.ome.tif" />
      <ExtraParameters lastGoodFrame="0" />
      <PVStateShard />
    </Frame>
    <Frame relativeTime="46.796814340178" absoluteTime="47.1238143401783" index="80" parameterSet="CurrentSettings">
      <File channel="2" channelName="Ch2" filename="TSeries-06032019-0924-004_Cycle00001_Ch2_000080.ome.tif" />
      <ExtraParameters lastGoodFrame="0" />
      <PVStateShard />
    </Frame>
    <Frame relativeTime="47.3891790786613" absoluteTime="47.7161790786615" index="81" parameterSet="CurrentSettings">
      <File channel="2" channelName="Ch2" filename="TSeries-06032019-0924-004_Cycle00001_Ch2_000081.ome.tif" />
      <ExtraParameters lastGoodFrame="0" />
      <PVStateShard />
    </Frame>
    <Frame relativeTime="47.9815438171446" absoluteTime="48.3085438171448" index="82" parameterSet="CurrentSettings">
      <File channel="2" channelName="Ch2" filename="TSeries-06032019-0924-004_Cycle00001_Ch2_000082.ome.tif" />
      <ExtraParameters lastGoodFrame="0" />
      <PVStateShard />
    </Frame>
    <Frame relativeTime="48.5739085556278" absoluteTime="48.9009085556281" index="83" parameterSet="CurrentSettings">
      <File channel="2" channelName="Ch2" filename="TSeries-06032019-0924-004_Cycle00001_Ch2_000083.ome.tif" />
      <ExtraParameters lastGoodFrame="0" />
      <PVStateShard />
    </Frame>
    <Frame relativeTime="49.1662732941111" absoluteTime="49.4932732941113" index="84" parameterSet="CurrentSettings">
      <File channel="2" channelName="Ch2" filename="TSeries-06032019-0924-004_Cycle00001_Ch2_000084.ome.tif" />
      <ExtraParameters lastGoodFrame="0" />
      <PVStateShard />
    </Frame>
    <Frame relativeTime="49.7586380325944" absoluteTime="50.0856380325946" index="85" parameterSet="CurrentSettings">
      <File channel="2" channelName="Ch2" filename="TSeries-06032019-0924-004_Cycle00001_Ch2_000085.ome.tif" />
      <ExtraParameters lastGoodFrame="0" />
      <PVStateShard />
    </Frame>
    <Frame relativeTime="50.3510027710776" absoluteTime="50.6780027710779" index="86" parameterSet="CurrentSettings">
      <File channel="2" channelName="Ch2" filename="TSeries-06032019-0924-004_Cycle00001_Ch2_000086.ome.tif" />
      <ExtraParameters lastGoodFrame="0" />
      <PVStateShard />
    </Frame>
    <Frame relativeTime="50.9433675095609" absoluteTime="51.2703675095611" index="87" parameterSet="CurrentSettings">
      <File channel="2" channelName="Ch2" filename="TSeries-06032019-0924-004_Cycle00001_Ch2_000087.ome.tif" />
      <ExtraParameters lastGoodFrame="0" />
      <PVStateShard />
    </Frame>
    <Frame relativeTime="51.5357322480442" absoluteTime="51.8627322480444" index="88" parameterSet="CurrentSettings">
      <File channel="2" channelName="Ch2" filename="TSeries-06032019-0924-004_Cycle00001_Ch2_000088.ome.tif" />
      <ExtraParameters lastGoodFrame="0" />
      <PVStateShard />
    </Frame>
    <Frame relativeTime="52.1280969865274" absoluteTime="52.4550969865277" index="89" parameterSet="CurrentSettings">
      <File channel="2" channelName="Ch2" filename="TSeries-06032019-0924-004_Cycle00001_Ch2_000089.ome.tif" />
      <ExtraParameters lastGoodFrame="0" />
      <PVStateShard />
    </Frame>
    <Frame relativeTime="52.7204617250107" absoluteTime="53.0474617250109" index="90" parameterSet="CurrentSettings">
      <File channel="2" channelName="Ch2" filename="TSeries-06032019-0924-004_Cycle00001_Ch2_000090.ome.tif" />
      <ExtraParameters lastGoodFrame="0" />
      <PVStateShard />
    </Frame>
    <Frame relativeTime="53.312826463494" absoluteTime="53.6398264634942" index="91" parameterSet="CurrentSettings">
      <File channel="2" channelName="Ch2" filename="TSeries-06032019-0924-004_Cycle00001_Ch2_000091.ome.tif" />
      <ExtraParameters lastGoodFrame="0" />
      <PVStateShard />
    </Frame>
    <Frame relativeTime="53.9051912019772" absoluteTime="54.2321912019775" index="92" parameterSet="CurrentSettings">
      <File channel="2" channelName="Ch2" filename="TSeries-06032019-0924-004_Cycle00001_Ch2_000092.ome.tif" />
      <ExtraParameters lastGoodFrame="0" />
      <PVStateShard />
    </Frame>
    <Frame relativeTime="54.4975559404605" absoluteTime="54.8245559404607" index="93" parameterSet="CurrentSettings">
      <File channel="2" channelName="Ch2" filename="TSeries-06032019-0924-004_Cycle00001_Ch2_000093.ome.tif" />
      <ExtraParameters lastGoodFrame="0" />
      <PVStateShard />
    </Frame>
    <Frame relativeTime="55.0899206789438" absoluteTime="55.416920678944" index="94" parameterSet="CurrentSettings">
      <File channel="2" channelName="Ch2" filename="TSeries-06032019-0924-004_Cycle00001_Ch2_000094.ome.tif" />
      <ExtraParameters lastGoodFrame="0" />
      <PVStateShard />
    </Frame>
    <Frame relativeTime="55.682285417427" absoluteTime="56.0092854174273" index="95" parameterSet="CurrentSettings">
      <File channel="2" channelName="Ch2" filename="TSeries-06032019-0924-004_Cycle00001_Ch2_000095.ome.tif" />
      <ExtraParameters lastGoodFrame="0" />
      <PVStateShard />
    </Frame>
    <Frame relativeTime="56.2746501559103" absoluteTime="56.6016501559105" index="96" parameterSet="CurrentSettings">
      <File channel="2" channelName="Ch2" filename="TSeries-06032019-0924-004_Cycle00001_Ch2_000096.ome.tif" />
      <ExtraParameters lastGoodFrame="0" />
      <PVStateShard />
    </Frame>
    <Frame relativeTime="56.8670148943936" absoluteTime="57.1940148943938" index="97" parameterSet="CurrentSettings">
      <File channel="2" channelName="Ch2" filename="TSeries-06032019-0924-004_Cycle00001_Ch2_000097.ome.tif" />
      <ExtraParameters lastGoodFrame="0" />
      <PVStateShard />
    </Frame>
    <Frame relativeTime="57.4593796328768" absoluteTime="57.7863796328771" index="98" parameterSet="CurrentSettings">
      <File channel="2" channelName="Ch2" filename="TSeries-06032019-0924-004_Cycle00001_Ch2_000098.ome.tif" />
      <ExtraParameters lastGoodFrame="0" />
      <PVStateShard />
    </Frame>
    <Frame relativeTime="58.0517443713601" absoluteTime="58.3787443713603" index="99" parameterSet="CurrentSettings">
      <File channel="2" channelName="Ch2" filename="TSeries-06032019-0924-004_Cycle00001_Ch2_000099.ome.tif" />
      <ExtraParameters lastGoodFrame="0" />
      <PVStateShard />
    </Frame>
    <Frame relativeTime="58.6441091098434" absoluteTime="58.9711091098436" index="100" parameterSet="CurrentSettings">
      <File channel="2" channelName="Ch2" filename="TSeries-06032019-0924-004_Cycle00001_Ch2_000100.ome.tif" />
      <ExtraParameters lastGoodFrame="0" />
      <PVStateShard />
    </Frame>
    <Frame relativeTime="59.2364738483266" absoluteTime="59.5634738483268" index="101" parameterSet="CurrentSettings">
      <File channel="2" channelName="Ch2" filename="TSeries-06032019-0924-004_Cycle00001_Ch2_000101.ome.tif" />
      <ExtraParameters lastGoodFrame="0" />
      <PVStateShard />
    </Frame>
    <Frame relativeTime="59.8288385868099" absoluteTime="60.1558385868101" index="102" parameterSet="CurrentSettings">
      <File channel="2" channelName="Ch2" filename="TSeries-06032019-0924-004_Cycle00001_Ch2_000102.ome.tif" />
      <ExtraParameters lastGoodFrame="0" />
      <PVStateShard />
    </Frame>
    <Frame relativeTime="60.4212033252932" absoluteTime="60.7482033252934" index="103" parameterSet="CurrentSettings">
      <File channel="2" channelName="Ch2" filename="TSeries-06032019-0924-004_Cycle00001_Ch2_000103.ome.tif" />
      <ExtraParameters lastGoodFrame="0" />
      <PVStateShard />
    </Frame>
    <Frame relativeTime="61.0135680637764" absoluteTime="61.3405680637766" index="104" parameterSet="CurrentSettings">
      <File channel="2" channelName="Ch2" filename="TSeries-06032019-0924-004_Cycle00001_Ch2_000104.ome.tif" />
      <ExtraParameters lastGoodFrame="0" />
      <PVStateShard />
    </Frame>
    <Frame relativeTime="61.6059328022597" absoluteTime="61.9329328022599" index="105" parameterSet="CurrentSettings">
      <File channel="2" channelName="Ch2" filename="TSeries-06032019-0924-004_Cycle00001_Ch2_000105.ome.tif" />
      <ExtraParameters lastGoodFrame="0" />
      <PVStateShard />
    </Frame>
    <Frame relativeTime="62.1982975407429" absoluteTime="62.5252975407432" index="106" parameterSet="CurrentSettings">
      <File channel="2" channelName="Ch2" filename="TSeries-06032019-0924-004_Cycle00001_Ch2_000106.ome.tif" />
      <ExtraParameters lastGoodFrame="0" />
      <PVStateShard />
    </Frame>
    <Frame relativeTime="62.7906622792262" absoluteTime="63.1176622792264" index="107" parameterSet="CurrentSettings">
      <File channel="2" channelName="Ch2" filename="TSeries-06032019-0924-004_Cycle00001_Ch2_000107.ome.tif" />
      <ExtraParameters lastGoodFrame="0" />
      <PVStateShard />
    </Frame>
    <Frame relativeTime="63.3830270177095" absoluteTime="63.7100270177097" index="108" parameterSet="CurrentSettings">
      <File channel="2" channelName="Ch2" filename="TSeries-06032019-0924-004_Cycle00001_Ch2_000108.ome.tif" />
      <ExtraParameters lastGoodFrame="0" />
      <PVStateShard />
    </Frame>
    <Frame relativeTime="63.9753917561927" absoluteTime="64.302391756193" index="109" parameterSet="CurrentSettings">
      <File channel="2" channelName="Ch2" filename="TSeries-06032019-0924-004_Cycle00001_Ch2_000109.ome.tif" />
      <ExtraParameters lastGoodFrame="0" />
      <PVStateShard />
    </Frame>
    <Frame relativeTime="64.567756494676" absoluteTime="64.8947564946762" index="110" parameterSet="CurrentSettings">
      <File channel="2" channelName="Ch2" filename="TSeries-06032019-0924-004_Cycle00001_Ch2_000110.ome.tif" />
      <ExtraParameters lastGoodFrame="0" />
      <PVStateShard />
    </Frame>
    <Frame relativeTime="65.1601212331593" absoluteTime="65.4871212331595" index="111" parameterSet="CurrentSettings">
      <File channel="2" channelName="Ch2" filename="TSeries-06032019-0924-004_Cycle00001_Ch2_000111.ome.tif" />
      <ExtraParameters lastGoodFrame="0" />
      <PVStateShard />
    </Frame>
    <Frame relativeTime="65.7524859716425" absoluteTime="66.0794859716428" index="112" parameterSet="CurrentSettings">
      <File channel="2" channelName="Ch2" filename="TSeries-06032019-0924-004_Cycle00001_Ch2_000112.ome.tif" />
      <ExtraParameters lastGoodFrame="0" />
      <PVStateShard />
    </Frame>
    <Frame relativeTime="66.3448507101258" absoluteTime="66.671850710126" index="113" parameterSet="CurrentSettings">
      <File channel="2" channelName="Ch2" filename="TSeries-06032019-0924-004_Cycle00001_Ch2_000113.ome.tif" />
      <ExtraParameters lastGoodFrame="0" />
      <PVStateShard />
    </Frame>
    <Frame relativeTime="66.9372154486091" absoluteTime="67.2642154486093" index="114" parameterSet="CurrentSettings">
      <File channel="2" channelName="Ch2" filename="TSeries-06032019-0924-004_Cycle00001_Ch2_000114.ome.tif" />
      <ExtraParameters lastGoodFrame="0" />
      <PVStateShard />
    </Frame>
    <Frame relativeTime="67.5295801870924" absoluteTime="67.8565801870926" index="115" parameterSet="CurrentSettings">
      <File channel="2" channelName="Ch2" filename="TSeries-06032019-0924-004_Cycle00001_Ch2_000115.ome.tif" />
      <ExtraParameters lastGoodFrame="0" />
      <PVStateShard />
    </Frame>
    <Frame relativeTime="68.1219449255756" absoluteTime="68.4489449255758" index="116" parameterSet="CurrentSettings">
      <File channel="2" channelName="Ch2" filename="TSeries-06032019-0924-004_Cycle00001_Ch2_000116.ome.tif" />
      <ExtraParameters lastGoodFrame="0" />
      <PVStateShard />
    </Frame>
    <Frame relativeTime="68.7143096640589" absoluteTime="69.0413096640591" index="117" parameterSet="CurrentSettings">
      <File channel="2" channelName="Ch2" filename="TSeries-06032019-0924-004_Cycle00001_Ch2_000117.ome.tif" />
      <ExtraParameters lastGoodFrame="0" />
      <PVStateShard />
    </Frame>
    <Frame relativeTime="69.3066744025421" absoluteTime="69.6336744025424" index="118" parameterSet="CurrentSettings">
      <File channel="2" channelName="Ch2" filename="TSeries-06032019-0924-004_Cycle00001_Ch2_000118.ome.tif" />
      <ExtraParameters lastGoodFrame="0" />
      <PVStateShard />
    </Frame>
    <Frame relativeTime="69.8990391410254" absoluteTime="70.2260391410256" index="119" parameterSet="CurrentSettings">
      <File channel="2" channelName="Ch2" filename="TSeries-06032019-0924-004_Cycle00001_Ch2_000119.ome.tif" />
      <ExtraParameters lastGoodFrame="0" />
      <PVStateShard />
    </Frame>
    <Frame relativeTime="70.4914038795087" absoluteTime="70.8184038795089" index="120" parameterSet="CurrentSettings">
      <File channel="2" channelName="Ch2" filename="TSeries-06032019-0924-004_Cycle00001_Ch2_000120.ome.tif" />
      <ExtraParameters lastGoodFrame="0" />
      <PVStateShard />
    </Frame>
    <Frame relativeTime="71.083768617992" absoluteTime="71.4107686179922" index="121" parameterSet="CurrentSettings">
      <File channel="2" channelName="Ch2" filename="TSeries-06032019-0924-004_Cycle00001_Ch2_000121.ome.tif" />
      <ExtraParameters lastGoodFrame="0" />
      <PVStateShard />
    </Frame>
    <Frame relativeTime="71.6761333564752" absoluteTime="72.0031333564754" index="122" parameterSet="CurrentSettings">
      <File channel="2" channelName="Ch2" filename="TSeries-06032019-0924-004_Cycle00001_Ch2_000122.ome.tif" />
      <ExtraParameters lastGoodFrame="0" />
      <PVStateShard />
    </Frame>
    <Frame relativeTime="72.2684980949585" absoluteTime="72.5954980949587" index="123" parameterSet="CurrentSettings">
      <File channel="2" channelName="Ch2" filename="TSeries-06032019-0924-004_Cycle00001_Ch2_000123.ome.tif" />
      <ExtraParameters lastGoodFrame="0" />
      <PVStateShard />
    </Frame>
    <Frame relativeTime="72.8608628334417" absoluteTime="73.187862833442" index="124" parameterSet="CurrentSettings">
      <File channel="2" channelName="Ch2" filename="TSeries-06032019-0924-004_Cycle00001_Ch2_000124.ome.tif" />
      <ExtraParameters lastGoodFrame="0" />
      <PVStateShard />
    </Frame>
    <Frame relativeTime="73.453227571925" absoluteTime="73.7802275719252" index="125" parameterSet="CurrentSettings">
      <File channel="2" channelName="Ch2" filename="TSeries-06032019-0924-004_Cycle00001_Ch2_000125.ome.tif" />
      <ExtraParameters lastGoodFrame="0" />
      <PVStateShard />
    </Frame>
    <Frame relativeTime="74.0455923104083" absoluteTime="74.3725923104085" index="126" parameterSet="CurrentSettings">
      <File channel="2" channelName="Ch2" filename="TSeries-06032019-0924-004_Cycle00001_Ch2_000126.ome.tif" />
      <ExtraParameters lastGoodFrame="0" />
      <PVStateShard />
    </Frame>
    <Frame relativeTime="74.6379570488915" absoluteTime="74.9649570488918" index="127" parameterSet="CurrentSettings">
      <File channel="2" channelName="Ch2" filename="TSeries-06032019-0924-004_Cycle00001_Ch2_000127.ome.tif" />
      <ExtraParameters lastGoodFrame="0" />
      <PVStateShard />
    </Frame>
    <Frame relativeTime="75.2303217873748" absoluteTime="75.557321787375" index="128" parameterSet="CurrentSettings">
      <File channel="2" channelName="Ch2" filename="TSeries-06032019-0924-004_Cycle00001_Ch2_000128.ome.tif" />
      <ExtraParameters lastGoodFrame="0" />
      <PVStateShard />
    </Frame>
    <Frame relativeTime="75.8226865258581" absoluteTime="76.1496865258583" index="129" parameterSet="CurrentSettings">
      <File channel="2" channelName="Ch2" filename="TSeries-06032019-0924-004_Cycle00001_Ch2_000129.ome.tif" />
      <ExtraParameters lastGoodFrame="0" />
      <PVStateShard />
    </Frame>
    <Frame relativeTime="76.4150512643413" absoluteTime="76.7420512643416" index="130" parameterSet="CurrentSettings">
      <File channel="2" channelName="Ch2" filename="TSeries-06032019-0924-004_Cycle00001_Ch2_000130.ome.tif" />
      <ExtraParameters lastGoodFrame="0" />
      <PVStateShard />
    </Frame>
    <Frame relativeTime="77.0074160028246" absoluteTime="77.3344160028248" index="131" parameterSet="CurrentSettings">
      <File channel="2" channelName="Ch2" filename="TSeries-06032019-0924-004_Cycle00001_Ch2_000131.ome.tif" />
      <ExtraParameters lastGoodFrame="0" />
      <PVStateShard />
    </Frame>
    <Frame relativeTime="77.5997807413079" absoluteTime="77.9267807413081" index="132" parameterSet="CurrentSettings">
      <File channel="2" channelName="Ch2" filename="TSeries-06032019-0924-004_Cycle00001_Ch2_000132.ome.tif" />
      <ExtraParameters lastGoodFrame="0" />
      <PVStateShard />
    </Frame>
    <Frame relativeTime="78.1921454797911" absoluteTime="78.5191454797914" index="133" parameterSet="CurrentSettings">
      <File channel="2" channelName="Ch2" filename="TSeries-06032019-0924-004_Cycle00001_Ch2_000133.ome.tif" />
      <ExtraParameters lastGoodFrame="0" />
      <PVStateShard />
    </Frame>
    <Frame relativeTime="78.7845102182744" absoluteTime="79.1115102182746" index="134" parameterSet="CurrentSettings">
      <File channel="2" channelName="Ch2" filename="TSeries-06032019-0924-004_Cycle00001_Ch2_000134.ome.tif" />
      <ExtraParameters lastGoodFrame="0" />
      <PVStateShard />
    </Frame>
    <Frame relativeTime="79.3768749567577" absoluteTime="79.7038749567579" index="135" parameterSet="CurrentSettings">
      <File channel="2" channelName="Ch2" filename="TSeries-06032019-0924-004_Cycle00001_Ch2_000135.ome.tif" />
      <ExtraParameters lastGoodFrame="0" />
      <PVStateShard />
    </Frame>
    <Frame relativeTime="79.9692396952409" absoluteTime="80.2962396952412" index="136" parameterSet="CurrentSettings">
      <File channel="2" channelName="Ch2" filename="TSeries-06032019-0924-004_Cycle00001_Ch2_000136.ome.tif" />
      <ExtraParameters lastGoodFrame="0" />
      <PVStateShard />
    </Frame>
    <Frame relativeTime="80.5616044337242" absoluteTime="80.8886044337244" index="137" parameterSet="CurrentSettings">
      <File channel="2" channelName="Ch2" filename="TSeries-06032019-0924-004_Cycle00001_Ch2_000137.ome.tif" />
      <ExtraParameters lastGoodFrame="0" />
      <PVStateShard />
    </Frame>
    <Frame relativeTime="81.1539691722075" absoluteTime="81.4809691722077" index="138" parameterSet="CurrentSettings">
      <File channel="2" channelName="Ch2" filename="TSeries-06032019-0924-004_Cycle00001_Ch2_000138.ome.tif" />
      <ExtraParameters lastGoodFrame="0" />
      <PVStateShard />
    </Frame>
    <Frame relativeTime="81.7463339106907" absoluteTime="82.073333910691" index="139" parameterSet="CurrentSettings">
      <File channel="2" channelName="Ch2" filename="TSeries-06032019-0924-004_Cycle00001_Ch2_000139.ome.tif" />
      <ExtraParameters lastGoodFrame="0" />
      <PVStateShard />
    </Frame>
    <Frame relativeTime="82.338698649174" absoluteTime="82.6656986491742" index="140" parameterSet="CurrentSettings">
      <File channel="2" channelName="Ch2" filename="TSeries-06032019-0924-004_Cycle00001_Ch2_000140.ome.tif" />
      <ExtraParameters lastGoodFrame="0" />
      <PVStateShard />
    </Frame>
    <Frame relativeTime="82.9310633876573" absoluteTime="83.2580633876575" index="141" parameterSet="CurrentSettings">
      <File channel="2" channelName="Ch2" filename="TSeries-06032019-0924-004_Cycle00001_Ch2_000141.ome.tif" />
      <ExtraParameters lastGoodFrame="0" />
      <PVStateShard />
    </Frame>
    <Frame relativeTime="83.5234281261405" absoluteTime="83.8504281261408" index="142" parameterSet="CurrentSettings">
      <File channel="2" channelName="Ch2" filename="TSeries-06032019-0924-004_Cycle00001_Ch2_000142.ome.tif" />
      <ExtraParameters lastGoodFrame="0" />
      <PVStateShard />
    </Frame>
    <Frame relativeTime="84.1157928646238" absoluteTime="84.442792864624" index="143" parameterSet="CurrentSettings">
      <File channel="2" channelName="Ch2" filename="TSeries-06032019-0924-004_Cycle00001_Ch2_000143.ome.tif" />
      <ExtraParameters lastGoodFrame="0" />
      <PVStateShard />
    </Frame>
    <Frame relativeTime="84.7081576031071" absoluteTime="85.0351576031073" index="144" parameterSet="CurrentSettings">
      <File channel="2" channelName="Ch2" filename="TSeries-06032019-0924-004_Cycle00001_Ch2_000144.ome.tif" />
      <ExtraParameters lastGoodFrame="0" />
      <PVStateShard />
    </Frame>
    <Frame relativeTime="85.3005223415903" absoluteTime="85.6275223415906" index="145" parameterSet="CurrentSettings">
      <File channel="2" channelName="Ch2" filename="TSeries-06032019-0924-004_Cycle00001_Ch2_000145.ome.tif" />
      <ExtraParameters lastGoodFrame="0" />
      <PVStateShard />
    </Frame>
    <Frame relativeTime="85.8928870800736" absoluteTime="86.2198870800738" index="146" parameterSet="CurrentSettings">
      <File channel="2" channelName="Ch2" filename="TSeries-06032019-0924-004_Cycle00001_Ch2_000146.ome.tif" />
      <ExtraParameters lastGoodFrame="0" />
      <PVStateShard />
    </Frame>
    <Frame relativeTime="86.4852518185569" absoluteTime="86.8122518185571" index="147" parameterSet="CurrentSettings">
      <File channel="2" channelName="Ch2" filename="TSeries-06032019-0924-004_Cycle00001_Ch2_000147.ome.tif" />
      <ExtraParameters lastGoodFrame="0" />
      <PVStateShard />
    </Frame>
    <Frame relativeTime="87.0776165570401" absoluteTime="87.4046165570404" index="148" parameterSet="CurrentSettings">
      <File channel="2" channelName="Ch2" filename="TSeries-06032019-0924-004_Cycle00001_Ch2_000148.ome.tif" />
      <ExtraParameters lastGoodFrame="0" />
      <PVStateShard />
    </Frame>
    <Frame relativeTime="87.6699812955234" absoluteTime="87.9969812955236" index="149" parameterSet="CurrentSettings">
      <File channel="2" channelName="Ch2" filename="TSeries-06032019-0924-004_Cycle00001_Ch2_000149.ome.tif" />
      <ExtraParameters lastGoodFrame="0" />
      <PVStateShard />
    </Frame>
    <Frame relativeTime="88.2623460340067" absoluteTime="88.5893460340069" index="150" parameterSet="CurrentSettings">
      <File channel="2" channelName="Ch2" filename="TSeries-06032019-0924-004_Cycle00001_Ch2_000150.ome.tif" />
      <ExtraParameters lastGoodFrame="0" />
      <PVStateShard />
    </Frame>
    <Frame relativeTime="88.8547107724899" absoluteTime="89.1817107724902" index="151" parameterSet="CurrentSettings">
      <File channel="2" channelName="Ch2" filename="TSeries-06032019-0924-004_Cycle00001_Ch2_000151.ome.tif" />
      <ExtraParameters lastGoodFrame="0" />
      <PVStateShard />
    </Frame>
    <Frame relativeTime="89.4470755109732" absoluteTime="89.7740755109734" index="152" parameterSet="CurrentSettings">
      <File channel="2" channelName="Ch2" filename="TSeries-06032019-0924-004_Cycle00001_Ch2_000152.ome.tif" />
      <ExtraParameters lastGoodFrame="0" />
      <PVStateShard />
    </Frame>
    <Frame relativeTime="90.0394402494565" absoluteTime="90.3664402494567" index="153" parameterSet="CurrentSettings">
      <File channel="2" channelName="Ch2" filename="TSeries-06032019-0924-004_Cycle00001_Ch2_000153.ome.tif" />
      <ExtraParameters lastGoodFrame="0" />
      <PVStateShard />
    </Frame>
    <Frame relativeTime="90.6318049879397" absoluteTime="90.95880498794" index="154" parameterSet="CurrentSettings">
      <File channel="2" channelName="Ch2" filename="TSeries-06032019-0924-004_Cycle00001_Ch2_000154.ome.tif" />
      <ExtraParameters lastGoodFrame="0" />
      <PVStateShard />
    </Frame>
    <Frame relativeTime="91.224169726423" absoluteTime="91.5511697264232" index="155" parameterSet="CurrentSettings">
      <File channel="2" channelName="Ch2" filename="TSeries-06032019-0924-004_Cycle00001_Ch2_000155.ome.tif" />
      <ExtraParameters lastGoodFrame="0" />
      <PVStateShard />
    </Frame>
    <Frame relativeTime="91.8165344649063" absoluteTime="92.1435344649065" index="156" parameterSet="CurrentSettings">
      <File channel="2" channelName="Ch2" filename="TSeries-06032019-0924-004_Cycle00001_Ch2_000156.ome.tif" />
      <ExtraParameters lastGoodFrame="0" />
      <PVStateShard />
    </Frame>
    <Frame relativeTime="92.4088992033895" absoluteTime="92.7358992033897" index="157" parameterSet="CurrentSettings">
      <File channel="2" channelName="Ch2" filename="TSeries-06032019-0924-004_Cycle00001_Ch2_000157.ome.tif" />
      <ExtraParameters lastGoodFrame="0" />
      <PVStateShard />
    </Frame>
    <Frame relativeTime="93.0012639418728" absoluteTime="93.328263941873" index="158" parameterSet="CurrentSettings">
      <File channel="2" channelName="Ch2" filename="TSeries-06032019-0924-004_Cycle00001_Ch2_000158.ome.tif" />
      <ExtraParameters lastGoodFrame="0" />
      <PVStateShard />
    </Frame>
    <Frame relativeTime="93.5936286803561" absoluteTime="93.9206286803563" index="159" parameterSet="CurrentSettings">
      <File channel="2" channelName="Ch2" filename="TSeries-06032019-0924-004_Cycle00001_Ch2_000159.ome.tif" />
      <ExtraParameters lastGoodFrame="0" />
      <PVStateShard />
    </Frame>
    <Frame relativeTime="94.1859934188393" absoluteTime="94.5129934188396" index="160" parameterSet="CurrentSettings">
      <File channel="2" channelName="Ch2" filename="TSeries-06032019-0924-004_Cycle00001_Ch2_000160.ome.tif" />
      <ExtraParameters lastGoodFrame="0" />
      <PVStateShard />
    </Frame>
    <Frame relativeTime="94.7783581573226" absoluteTime="95.1053581573228" index="161" parameterSet="CurrentSettings">
      <File channel="2" channelName="Ch2" filename="TSeries-06032019-0924-004_Cycle00001_Ch2_000161.ome.tif" />
      <ExtraParameters lastGoodFrame="0" />
      <PVStateShard />
    </Frame>
    <Frame relativeTime="95.3707228958059" absoluteTime="95.6977228958061" index="162" parameterSet="CurrentSettings">
      <File channel="2" channelName="Ch2" filename="TSeries-06032019-0924-004_Cycle00001_Ch2_000162.ome.tif" />
      <ExtraParameters lastGoodFrame="0" />
      <PVStateShard />
    </Frame>
    <Frame relativeTime="95.9630876342891" absoluteTime="96.2900876342894" index="163" parameterSet="CurrentSettings">
      <File channel="2" channelName="Ch2" filename="TSeries-06032019-0924-004_Cycle00001_Ch2_000163.ome.tif" />
      <ExtraParameters lastGoodFrame="0" />
      <PVStateShard />
    </Frame>
    <Frame relativeTime="96.5554523727724" absoluteTime="96.8824523727726" index="164" parameterSet="CurrentSettings">
      <File channel="2" channelName="Ch2" filename="TSeries-06032019-0924-004_Cycle00001_Ch2_000164.ome.tif" />
      <ExtraParameters lastGoodFrame="0" />
      <PVStateShard />
    </Frame>
    <Frame relativeTime="97.1478171112557" absoluteTime="97.4748171112559" index="165" parameterSet="CurrentSettings">
      <File channel="2" channelName="Ch2" filename="TSeries-06032019-0924-004_Cycle00001_Ch2_000165.ome.tif" />
      <ExtraParameters lastGoodFrame="0" />
      <PVStateShard />
    </Frame>
    <Frame relativeTime="97.7401818497389" absoluteTime="98.0671818497391" index="166" parameterSet="CurrentSettings">
      <File channel="2" channelName="Ch2" filename="TSeries-06032019-0924-004_Cycle00001_Ch2_000166.ome.tif" />
      <ExtraParameters lastGoodFrame="0" />
      <PVStateShard />
    </Frame>
    <Frame relativeTime="98.3325465882222" absoluteTime="98.6595465882224" index="167" parameterSet="CurrentSettings">
      <File channel="2" channelName="Ch2" filename="TSeries-06032019-0924-004_Cycle00001_Ch2_000167.ome.tif" />
      <ExtraParameters lastGoodFrame="0" />
      <PVStateShard />
    </Frame>
    <Frame relativeTime="98.9249113267055" absoluteTime="99.2519113267057" index="168" parameterSet="CurrentSettings">
      <File channel="2" channelName="Ch2" filename="TSeries-06032019-0924-004_Cycle00001_Ch2_000168.ome.tif" />
      <ExtraParameters lastGoodFrame="0" />
      <PVStateShard />
    </Frame>
    <Frame relativeTime="99.5172760651887" absoluteTime="99.844276065189" index="169" parameterSet="CurrentSettings">
      <File channel="2" channelName="Ch2" filename="TSeries-06032019-0924-004_Cycle00001_Ch2_000169.ome.tif" />
      <ExtraParameters lastGoodFrame="0" />
      <PVStateShard />
    </Frame>
    <Frame relativeTime="100.109640803672" absoluteTime="100.436640803672" index="170" parameterSet="CurrentSettings">
      <File channel="2" channelName="Ch2" filename="TSeries-06032019-0924-004_Cycle00001_Ch2_000170.ome.tif" />
      <ExtraParameters lastGoodFrame="0" />
      <PVStateShard />
    </Frame>
    <Frame relativeTime="100.702005542155" absoluteTime="101.029005542155" index="171" parameterSet="CurrentSettings">
      <File channel="2" channelName="Ch2" filename="TSeries-06032019-0924-004_Cycle00001_Ch2_000171.ome.tif" />
      <ExtraParameters lastGoodFrame="0" />
      <PVStateShard />
    </Frame>
    <Frame relativeTime="101.294370280639" absoluteTime="101.621370280639" index="172" parameterSet="CurrentSettings">
      <File channel="2" channelName="Ch2" filename="TSeries-06032019-0924-004_Cycle00001_Ch2_000172.ome.tif" />
      <ExtraParameters lastGoodFrame="0" />
      <PVStateShard />
    </Frame>
    <Frame relativeTime="101.886735019122" absoluteTime="102.213735019122" index="173" parameterSet="CurrentSettings">
      <File channel="2" channelName="Ch2" filename="TSeries-06032019-0924-004_Cycle00001_Ch2_000173.ome.tif" />
      <ExtraParameters lastGoodFrame="0" />
      <PVStateShard />
    </Frame>
    <Frame relativeTime="102.479099757605" absoluteTime="102.806099757605" index="174" parameterSet="CurrentSettings">
      <File channel="2" channelName="Ch2" filename="TSeries-06032019-0924-004_Cycle00001_Ch2_000174.ome.tif" />
      <ExtraParameters lastGoodFrame="0" />
      <PVStateShard />
    </Frame>
    <Frame relativeTime="103.071464496088" absoluteTime="103.398464496089" index="175" parameterSet="CurrentSettings">
      <File channel="2" channelName="Ch2" filename="TSeries-06032019-0924-004_Cycle00001_Ch2_000175.ome.tif" />
      <ExtraParameters lastGoodFrame="0" />
      <PVStateShard />
    </Frame>
    <Frame relativeTime="103.663829234572" absoluteTime="103.990829234572" index="176" parameterSet="CurrentSettings">
      <File channel="2" channelName="Ch2" filename="TSeries-06032019-0924-004_Cycle00001_Ch2_000176.ome.tif" />
      <ExtraParameters lastGoodFrame="0" />
      <PVStateShard />
    </Frame>
    <Frame relativeTime="104.256193973055" absoluteTime="104.583193973055" index="177" parameterSet="CurrentSettings">
      <File channel="2" channelName="Ch2" filename="TSeries-06032019-0924-004_Cycle00001_Ch2_000177.ome.tif" />
      <ExtraParameters lastGoodFrame="0" />
      <PVStateShard />
    </Frame>
    <Frame relativeTime="104.848558711538" absoluteTime="105.175558711538" index="178" parameterSet="CurrentSettings">
      <File channel="2" channelName="Ch2" filename="TSeries-06032019-0924-004_Cycle00001_Ch2_000178.ome.tif" />
      <ExtraParameters lastGoodFrame="0" />
      <PVStateShard />
    </Frame>
    <Frame relativeTime="105.440923450021" absoluteTime="105.767923450022" index="179" parameterSet="CurrentSettings">
      <File channel="2" channelName="Ch2" filename="TSeries-06032019-0924-004_Cycle00001_Ch2_000179.ome.tif" />
      <ExtraParameters lastGoodFrame="0" />
      <PVStateShard />
    </Frame>
    <Frame relativeTime="106.033288188505" absoluteTime="106.360288188505" index="180" parameterSet="CurrentSettings">
      <File channel="2" channelName="Ch2" filename="TSeries-06032019-0924-004_Cycle00001_Ch2_000180.ome.tif" />
      <ExtraParameters lastGoodFrame="0" />
      <PVStateShard />
    </Frame>
    <Frame relativeTime="106.625652926988" absoluteTime="106.952652926988" index="181" parameterSet="CurrentSettings">
      <File channel="2" channelName="Ch2" filename="TSeries-06032019-0924-004_Cycle00001_Ch2_000181.ome.tif" />
      <ExtraParameters lastGoodFrame="0" />
      <PVStateShard />
    </Frame>
    <Frame relativeTime="107.218017665471" absoluteTime="107.545017665471" index="182" parameterSet="CurrentSettings">
      <File channel="2" channelName="Ch2" filename="TSeries-06032019-0924-004_Cycle00001_Ch2_000182.ome.tif" />
      <ExtraParameters lastGoodFrame="0" />
      <PVStateShard />
    </Frame>
    <Frame relativeTime="107.810382403954" absoluteTime="108.137382403955" index="183" parameterSet="CurrentSettings">
      <File channel="2" channelName="Ch2" filename="TSeries-06032019-0924-004_Cycle00001_Ch2_000183.ome.tif" />
      <ExtraParameters lastGoodFrame="0" />
      <PVStateShard />
    </Frame>
    <Frame relativeTime="108.402747142438" absoluteTime="108.729747142438" index="184" parameterSet="CurrentSettings">
      <File channel="2" channelName="Ch2" filename="TSeries-06032019-0924-004_Cycle00001_Ch2_000184.ome.tif" />
      <ExtraParameters lastGoodFrame="0" />
      <PVStateShard />
    </Frame>
    <Frame relativeTime="108.995111880921" absoluteTime="109.322111880921" index="185" parameterSet="CurrentSettings">
      <File channel="2" channelName="Ch2" filename="TSeries-06032019-0924-004_Cycle00001_Ch2_000185.ome.tif" />
      <ExtraParameters lastGoodFrame="0" />
      <PVStateShard />
    </Frame>
    <Frame relativeTime="109.587476619404" absoluteTime="109.914476619404" index="186" parameterSet="CurrentSettings">
      <File channel="2" channelName="Ch2" filename="TSeries-06032019-0924-004_Cycle00001_Ch2_000186.ome.tif" />
      <ExtraParameters lastGoodFrame="0" />
      <PVStateShard />
    </Frame>
    <Frame relativeTime="110.179841357888" absoluteTime="110.506841357888" index="187" parameterSet="CurrentSettings">
      <File channel="2" channelName="Ch2" filename="TSeries-06032019-0924-004_Cycle00001_Ch2_000187.ome.tif" />
      <ExtraParameters lastGoodFrame="0" />
      <PVStateShard />
    </Frame>
    <Frame relativeTime="110.772206096371" absoluteTime="111.099206096371" index="188" parameterSet="CurrentSettings">
      <File channel="2" channelName="Ch2" filename="TSeries-06032019-0924-004_Cycle00001_Ch2_000188.ome.tif" />
      <ExtraParameters lastGoodFrame="0" />
      <PVStateShard />
    </Frame>
    <Frame relativeTime="111.364570834854" absoluteTime="111.691570834854" index="189" parameterSet="CurrentSettings">
      <File channel="2" channelName="Ch2" filename="TSeries-06032019-0924-004_Cycle00001_Ch2_000189.ome.tif" />
      <ExtraParameters lastGoodFrame="0" />
      <PVStateShard />
    </Frame>
    <Frame relativeTime="111.956935573337" absoluteTime="112.283935573338" index="190" parameterSet="CurrentSettings">
      <File channel="2" channelName="Ch2" filename="TSeries-06032019-0924-004_Cycle00001_Ch2_000190.ome.tif" />
      <ExtraParameters lastGoodFrame="0" />
      <PVStateShard />
    </Frame>
    <Frame relativeTime="112.549300311821" absoluteTime="112.876300311821" index="191" parameterSet="CurrentSettings">
      <File channel="2" channelName="Ch2" filename="TSeries-06032019-0924-004_Cycle00001_Ch2_000191.ome.tif" />
      <ExtraParameters lastGoodFrame="0" />
      <PVStateShard />
    </Frame>
    <Frame relativeTime="113.141665050304" absoluteTime="113.468665050304" index="192" parameterSet="CurrentSettings">
      <File channel="2" channelName="Ch2" filename="TSeries-06032019-0924-004_Cycle00001_Ch2_000192.ome.tif" />
      <ExtraParameters lastGoodFrame="0" />
      <PVStateShard />
    </Frame>
    <Frame relativeTime="113.734029788787" absoluteTime="114.061029788787" index="193" parameterSet="CurrentSettings">
      <File channel="2" channelName="Ch2" filename="TSeries-06032019-0924-004_Cycle00001_Ch2_000193.ome.tif" />
      <ExtraParameters lastGoodFrame="0" />
      <PVStateShard />
    </Frame>
    <Frame relativeTime="114.32639452727" absoluteTime="114.653394527271" index="194" parameterSet="CurrentSettings">
      <File channel="2" channelName="Ch2" filename="TSeries-06032019-0924-004_Cycle00001_Ch2_000194.ome.tif" />
      <ExtraParameters lastGoodFrame="0" />
      <PVStateShard />
    </Frame>
    <Frame relativeTime="114.918759265754" absoluteTime="115.245759265754" index="195" parameterSet="CurrentSettings">
      <File channel="2" channelName="Ch2" filename="TSeries-06032019-0924-004_Cycle00001_Ch2_000195.ome.tif" />
      <ExtraParameters lastGoodFrame="0" />
      <PVStateShard />
    </Frame>
    <Frame relativeTime="115.511124004237" absoluteTime="115.838124004237" index="196" parameterSet="CurrentSettings">
      <File channel="2" channelName="Ch2" filename="TSeries-06032019-0924-004_Cycle00001_Ch2_000196.ome.tif" />
      <ExtraParameters lastGoodFrame="0" />
      <PVStateShard />
    </Frame>
    <Frame relativeTime="116.10348874272" absoluteTime="116.43048874272" index="197" parameterSet="CurrentSettings">
      <File channel="2" channelName="Ch2" filename="TSeries-06032019-0924-004_Cycle00001_Ch2_000197.ome.tif" />
      <ExtraParameters lastGoodFrame="0" />
      <PVStateShard />
    </Frame>
    <Frame relativeTime="116.695853481203" absoluteTime="117.022853481204" index="198" parameterSet="CurrentSettings">
      <File channel="2" channelName="Ch2" filename="TSeries-06032019-0924-004_Cycle00001_Ch2_000198.ome.tif" />
      <ExtraParameters lastGoodFrame="0" />
      <PVStateShard />
    </Frame>
    <Frame relativeTime="117.288218219687" absoluteTime="117.615218219687" index="199" parameterSet="CurrentSettings">
      <File channel="2" channelName="Ch2" filename="TSeries-06032019-0924-004_Cycle00001_Ch2_000199.ome.tif" />
      <ExtraParameters lastGoodFrame="0" />
      <PVStateShard />
    </Frame>
    <Frame relativeTime="117.88058295817" absoluteTime="118.20758295817" index="200" parameterSet="CurrentSettings">
      <File channel="2" channelName="Ch2" filename="TSeries-06032019-0924-004_Cycle00001_Ch2_000200.ome.tif" />
      <ExtraParameters lastGoodFrame="0" />
      <PVStateShard />
    </Frame>
    <Frame relativeTime="118.472947696653" absoluteTime="118.799947696653" index="201" parameterSet="CurrentSettings">
      <File channel="2" channelName="Ch2" filename="TSeries-06032019-0924-004_Cycle00001_Ch2_000201.ome.tif" />
      <ExtraParameters lastGoodFrame="0" />
      <PVStateShard />
    </Frame>
    <Frame relativeTime="119.065312435137" absoluteTime="119.392312435137" index="202" parameterSet="CurrentSettings">
      <File channel="2" channelName="Ch2" filename="TSeries-06032019-0924-004_Cycle00001_Ch2_000202.ome.tif" />
      <ExtraParameters lastGoodFrame="0" />
      <PVStateShard />
    </Frame>
    <Frame relativeTime="119.65767717362" absoluteTime="119.98467717362" index="203" parameterSet="CurrentSettings">
      <File channel="2" channelName="Ch2" filename="TSeries-06032019-0924-004_Cycle00001_Ch2_000203.ome.tif" />
      <ExtraParameters lastGoodFrame="0" />
      <PVStateShard />
    </Frame>
    <Frame relativeTime="120.250041912103" absoluteTime="120.577041912103" index="204" parameterSet="CurrentSettings">
      <File channel="2" channelName="Ch2" filename="TSeries-06032019-0924-004_Cycle00001_Ch2_000204.ome.tif" />
      <ExtraParameters lastGoodFrame="0" />
      <PVStateShard />
    </Frame>
    <Frame relativeTime="120.842406650586" absoluteTime="121.169406650587" index="205" parameterSet="CurrentSettings">
      <File channel="2" channelName="Ch2" filename="TSeries-06032019-0924-004_Cycle00001_Ch2_000205.ome.tif" />
      <ExtraParameters lastGoodFrame="0" />
      <PVStateShard />
    </Frame>
    <Frame relativeTime="121.43477138907" absoluteTime="121.76177138907" index="206" parameterSet="CurrentSettings">
      <File channel="2" channelName="Ch2" filename="TSeries-06032019-0924-004_Cycle00001_Ch2_000206.ome.tif" />
      <ExtraParameters lastGoodFrame="0" />
      <PVStateShard />
    </Frame>
    <Frame relativeTime="122.027136127553" absoluteTime="122.354136127553" index="207" parameterSet="CurrentSettings">
      <File channel="2" channelName="Ch2" filename="TSeries-06032019-0924-004_Cycle00001_Ch2_000207.ome.tif" />
      <ExtraParameters lastGoodFrame="0" />
      <PVStateShard />
    </Frame>
    <Frame relativeTime="122.619500866036" absoluteTime="122.946500866036" index="208" parameterSet="CurrentSettings">
      <File channel="2" channelName="Ch2" filename="TSeries-06032019-0924-004_Cycle00001_Ch2_000208.ome.tif" />
      <ExtraParameters lastGoodFrame="0" />
      <PVStateShard />
    </Frame>
    <Frame relativeTime="123.211865604519" absoluteTime="123.53886560452" index="209" parameterSet="CurrentSettings">
      <File channel="2" channelName="Ch2" filename="TSeries-06032019-0924-004_Cycle00001_Ch2_000209.ome.tif" />
      <ExtraParameters lastGoodFrame="0" />
      <PVStateShard />
    </Frame>
    <Frame relativeTime="123.804230343003" absoluteTime="124.131230343003" index="210" parameterSet="CurrentSettings">
      <File channel="2" channelName="Ch2" filename="TSeries-06032019-0924-004_Cycle00001_Ch2_000210.ome.tif" />
      <ExtraParameters lastGoodFrame="0" />
      <PVStateShard />
    </Frame>
    <Frame relativeTime="124.396595081486" absoluteTime="124.723595081486" index="211" parameterSet="CurrentSettings">
      <File channel="2" channelName="Ch2" filename="TSeries-06032019-0924-004_Cycle00001_Ch2_000211.ome.tif" />
      <ExtraParameters lastGoodFrame="0" />
      <PVStateShard />
    </Frame>
    <Frame relativeTime="124.988959819969" absoluteTime="125.315959819969" index="212" parameterSet="CurrentSettings">
      <File channel="2" channelName="Ch2" filename="TSeries-06032019-0924-004_Cycle00001_Ch2_000212.ome.tif" />
      <ExtraParameters lastGoodFrame="0" />
      <PVStateShard />
    </Frame>
    <Frame relativeTime="125.581324558452" absoluteTime="125.908324558453" index="213" parameterSet="CurrentSettings">
      <File channel="2" channelName="Ch2" filename="TSeries-06032019-0924-004_Cycle00001_Ch2_000213.ome.tif" />
      <ExtraParameters lastGoodFrame="0" />
      <PVStateShard />
    </Frame>
    <Frame relativeTime="126.173689296936" absoluteTime="126.500689296936" index="214" parameterSet="CurrentSettings">
      <File channel="2" channelName="Ch2" filename="TSeries-06032019-0924-004_Cycle00001_Ch2_000214.ome.tif" />
      <ExtraParameters lastGoodFrame="0" />
      <PVStateShard />
    </Frame>
    <Frame relativeTime="126.766054035419" absoluteTime="127.093054035419" index="215" parameterSet="CurrentSettings">
      <File channel="2" channelName="Ch2" filename="TSeries-06032019-0924-004_Cycle00001_Ch2_000215.ome.tif" />
      <ExtraParameters lastGoodFrame="0" />
      <PVStateShard />
    </Frame>
    <Frame relativeTime="127.358418773902" absoluteTime="127.685418773902" index="216" parameterSet="CurrentSettings">
      <File channel="2" channelName="Ch2" filename="TSeries-06032019-0924-004_Cycle00001_Ch2_000216.ome.tif" />
      <ExtraParameters lastGoodFrame="0" />
      <PVStateShard />
    </Frame>
    <Frame relativeTime="127.950783512386" absoluteTime="128.277783512386" index="217" parameterSet="CurrentSettings">
      <File channel="2" channelName="Ch2" filename="TSeries-06032019-0924-004_Cycle00001_Ch2_000217.ome.tif" />
      <ExtraParameters lastGoodFrame="0" />
      <PVStateShard />
    </Frame>
    <Frame relativeTime="128.543148250869" absoluteTime="128.870148250869" index="218" parameterSet="CurrentSettings">
      <File channel="2" channelName="Ch2" filename="TSeries-06032019-0924-004_Cycle00001_Ch2_000218.ome.tif" />
      <ExtraParameters lastGoodFrame="0" />
      <PVStateShard />
    </Frame>
    <Frame relativeTime="129.135512989352" absoluteTime="129.462512989352" index="219" parameterSet="CurrentSettings">
      <File channel="2" channelName="Ch2" filename="TSeries-06032019-0924-004_Cycle00001_Ch2_000219.ome.tif" />
      <ExtraParameters lastGoodFrame="0" />
      <PVStateShard />
    </Frame>
    <Frame relativeTime="129.727877727835" absoluteTime="130.054877727836" index="220" parameterSet="CurrentSettings">
      <File channel="2" channelName="Ch2" filename="TSeries-06032019-0924-004_Cycle00001_Ch2_000220.ome.tif" />
      <ExtraParameters lastGoodFrame="0" />
      <PVStateShard />
    </Frame>
    <Frame relativeTime="130.320242466319" absoluteTime="130.647242466319" index="221" parameterSet="CurrentSettings">
      <File channel="2" channelName="Ch2" filename="TSeries-06032019-0924-004_Cycle00001_Ch2_000221.ome.tif" />
      <ExtraParameters lastGoodFrame="0" />
      <PVStateShard />
    </Frame>
    <Frame relativeTime="130.912607204802" absoluteTime="131.239607204802" index="222" parameterSet="CurrentSettings">
      <File channel="2" channelName="Ch2" filename="TSeries-06032019-0924-004_Cycle00001_Ch2_000222.ome.tif" />
      <ExtraParameters lastGoodFrame="0" />
      <PVStateShard />
    </Frame>
    <Frame relativeTime="131.504971943285" absoluteTime="131.831971943285" index="223" parameterSet="CurrentSettings">
      <File channel="2" channelName="Ch2" filename="TSeries-06032019-0924-004_Cycle00001_Ch2_000223.ome.tif" />
      <ExtraParameters lastGoodFrame="0" />
      <PVStateShard />
    </Frame>
    <Frame relativeTime="132.097336681768" absoluteTime="132.424336681769" index="224" parameterSet="CurrentSettings">
      <File channel="2" channelName="Ch2" filename="TSeries-06032019-0924-004_Cycle00001_Ch2_000224.ome.tif" />
      <ExtraParameters lastGoodFrame="0" />
      <PVStateShard />
    </Frame>
    <Frame relativeTime="132.689701420252" absoluteTime="133.016701420252" index="225" parameterSet="CurrentSettings">
      <File channel="2" channelName="Ch2" filename="TSeries-06032019-0924-004_Cycle00001_Ch2_000225.ome.tif" />
      <ExtraParameters lastGoodFrame="0" />
      <PVStateShard />
    </Frame>
    <Frame relativeTime="133.282066158735" absoluteTime="133.609066158735" index="226" parameterSet="CurrentSettings">
      <File channel="2" channelName="Ch2" filename="TSeries-06032019-0924-004_Cycle00001_Ch2_000226.ome.tif" />
      <ExtraParameters lastGoodFrame="0" />
      <PVStateShard />
    </Frame>
    <Frame relativeTime="133.874430897218" absoluteTime="134.201430897218" index="227" parameterSet="CurrentSettings">
      <File channel="2" channelName="Ch2" filename="TSeries-06032019-0924-004_Cycle00001_Ch2_000227.ome.tif" />
      <ExtraParameters lastGoodFrame="0" />
      <PVStateShard />
    </Frame>
    <Frame relativeTime="134.466795635701" absoluteTime="134.793795635702" index="228" parameterSet="CurrentSettings">
      <File channel="2" channelName="Ch2" filename="TSeries-06032019-0924-004_Cycle00001_Ch2_000228.ome.tif" />
      <ExtraParameters lastGoodFrame="0" />
      <PVStateShard />
    </Frame>
    <Frame relativeTime="135.059160374185" absoluteTime="135.386160374185" index="229" parameterSet="CurrentSettings">
      <File channel="2" channelName="Ch2" filename="TSeries-06032019-0924-004_Cycle00001_Ch2_000229.ome.tif" />
      <ExtraParameters lastGoodFrame="0" />
      <PVStateShard />
    </Frame>
    <Frame relativeTime="135.651525112668" absoluteTime="135.978525112668" index="230" parameterSet="CurrentSettings">
      <File channel="2" channelName="Ch2" filename="TSeries-06032019-0924-004_Cycle00001_Ch2_000230.ome.tif" />
      <ExtraParameters lastGoodFrame="0" />
      <PVStateShard />
    </Frame>
    <Frame relativeTime="136.243889851151" absoluteTime="136.570889851151" index="231" parameterSet="CurrentSettings">
      <File channel="2" channelName="Ch2" filename="TSeries-06032019-0924-004_Cycle00001_Ch2_000231.ome.tif" />
      <ExtraParameters lastGoodFrame="0" />
      <PVStateShard />
    </Frame>
    <Frame relativeTime="136.836254589635" absoluteTime="137.163254589635" index="232" parameterSet="CurrentSettings">
      <File channel="2" channelName="Ch2" filename="TSeries-06032019-0924-004_Cycle00001_Ch2_000232.ome.tif" />
      <ExtraParameters lastGoodFrame="0" />
      <PVStateShard />
    </Frame>
    <Frame relativeTime="137.428619328118" absoluteTime="137.755619328118" index="233" parameterSet="CurrentSettings">
      <File channel="2" channelName="Ch2" filename="TSeries-06032019-0924-004_Cycle00001_Ch2_000233.ome.tif" />
      <ExtraParameters lastGoodFrame="0" />
      <PVStateShard />
    </Frame>
    <Frame relativeTime="138.020984066601" absoluteTime="138.347984066601" index="234" parameterSet="CurrentSettings">
      <File channel="2" channelName="Ch2" filename="TSeries-06032019-0924-004_Cycle00001_Ch2_000234.ome.tif" />
      <ExtraParameters lastGoodFrame="0" />
      <PVStateShard />
    </Frame>
    <Frame relativeTime="138.613348805084" absoluteTime="138.940348805085" index="235" parameterSet="CurrentSettings">
      <File channel="2" channelName="Ch2" filename="TSeries-06032019-0924-004_Cycle00001_Ch2_000235.ome.tif" />
      <ExtraParameters lastGoodFrame="0" />
      <PVStateShard />
    </Frame>
    <Frame relativeTime="139.205713543568" absoluteTime="139.532713543568" index="236" parameterSet="CurrentSettings">
      <File channel="2" channelName="Ch2" filename="TSeries-06032019-0924-004_Cycle00001_Ch2_000236.ome.tif" />
      <ExtraParameters lastGoodFrame="0" />
      <PVStateShard />
    </Frame>
    <Frame relativeTime="139.798078282051" absoluteTime="140.125078282051" index="237" parameterSet="CurrentSettings">
      <File channel="2" channelName="Ch2" filename="TSeries-06032019-0924-004_Cycle00001_Ch2_000237.ome.tif" />
      <ExtraParameters lastGoodFrame="0" />
      <PVStateShard />
    </Frame>
  </Sequence>
</PVScan>