﻿<?xml version="1.0" encoding="utf-8"?>
<PVMarkPointSeriesElements Iterations="1" IterationDelay="0.00">
  <PVMarkPointElement Repetitions="0" UncagingLaser="473" UncagingLaserPower="1" TriggerFrequency="None" TriggerSelection="PFI0" TriggerCount="1" AsyncSyncFrequency="None" VoltageOutputCategoryName="None" VoltageRecCategoryName="None" parameterSet="CurrentSettings">
    <PVGalvoPointElement InitialDelay="40000" InterPointDelay="0.22" Duration="150" SpiralRevolutions="5" AllPointsAtOnce="False" Points="Point 1" Indices="1">
      <Point Index="1" X="0.202574473876539" Y="0.601905415722264" IsSpiral="True" SpiralWidth="0.0503019631414837" SpiralHeight="0.0503019631414837" />
    </PVGalvoPointElement>
  </PVMarkPointElement>
  <PVMarkPointElement Repetitions="0" UncagingLaser="473" UncagingLaserPower="1" TriggerFrequency="None" TriggerSelection="PFI0" TriggerCount="1" AsyncSyncFrequency="None" VoltageOutputCategoryName="None" VoltageRecCategoryName="None" parameterSet="CurrentSettings">
    <PVGalvoPointElement InitialDelay="20000" InterPointDelay="0.22" Duration="150" SpiralRevolutions="5" AllPointsAtOnce="False" Points="Point 1" Indices="1">
      <Point Index="1" X="0.202574473876539" Y="0.601905415722264" IsSpiral="True" SpiralWidth="0.0503019631414837" SpiralHeight="0.0503019631414837" />
    </PVGalvoPointElement>
  </PVMarkPointElement>
  <PVMarkPointElement Repetitions="0" UncagingLaser="473" UncagingLaserPower="1" TriggerFrequency="None" TriggerSelection="PFI0" TriggerCount="1" AsyncSyncFrequency="None" VoltageOutputCategoryName="None" VoltageRecCategoryName="None" parameterSet="CurrentSettings">
    <PVGalvoPointElement InitialDelay="20000" InterPointDelay="0.22" Duration="150" SpiralRevolutions="5" AllPointsAtOnce="False" Points="Point 1" Indices="1">
      <Point Index="1" X="0.202574473876539" Y="0.601905415722264" IsSpiral="True" SpiralWidth="0.0503019631414837" SpiralHeight="0.0503019631414837" />
    </PVGalvoPointElement>
  </PVMarkPointElement>
</PVMarkPointSeriesElements>