﻿<?xml version="1.0" encoding="utf-8"?>
<PVMarkPointSeriesElements Iterations="1" IterationDelay="0.00">
  <PVMarkPointElement Repetitions="0" UncagingLaser="473" UncagingLaserPower="1.25" TriggerFrequency="None" TriggerSelection="PFI0" TriggerCount="1" AsyncSyncFrequency="None" VoltageOutputCategoryName="None" VoltageRecCategoryName="None" parameterSet="CurrentSettings">
    <PVGalvoPointElement InitialDelay="40000" InterPointDelay="0.22" Duration="150" SpiralRevolutions="5" AllPointsAtOnce="False" Points="Point 1" Indices="1">
      <Point Index="1" X="0.191839678472204" Y="0.3540324540952" IsSpiral="True" SpiralWidth="0.0192032827968009" SpiralHeight="0.019203282796801" />
    </PVGalvoPointElement>
  </PVMarkPointElement>
  <PVMarkPointElement Repetitions="0" UncagingLaser="473" UncagingLaserPower="1.25" TriggerFrequency="None" TriggerSelection="PFI0" TriggerCount="1" AsyncSyncFrequency="None" VoltageOutputCategoryName="None" VoltageRecCategoryName="None" parameterSet="CurrentSettings">
    <PVGalvoPointElement InitialDelay="20000" InterPointDelay="0.22" Duration="150" SpiralRevolutions="5" AllPointsAtOnce="False" Points="Point 1" Indices="1">
      <Point Index="1" X="0.191839678472204" Y="0.3540324540952" IsSpiral="True" SpiralWidth="0.0192032827968009" SpiralHeight="0.019203282796801" />
    </PVGalvoPointElement>
  </PVMarkPointElement>
  <PVMarkPointElement Repetitions="0" UncagingLaser="473" UncagingLaserPower="1.25" TriggerFrequency="None" TriggerSelection="PFI0" TriggerCount="1" AsyncSyncFrequency="None" VoltageOutputCategoryName="None" VoltageRecCategoryName="None" parameterSet="CurrentSettings">
    <PVGalvoPointElement InitialDelay="20000" InterPointDelay="0.22" Duration="150" SpiralRevolutions="5" AllPointsAtOnce="False" Points="Point 1" Indices="1">
      <Point Index="1" X="0.191839678472204" Y="0.3540324540952" IsSpiral="True" SpiralWidth="0.0192032827968009" SpiralHeight="0.019203282796801" />
    </PVGalvoPointElement>
  </PVMarkPointElement>
</PVMarkPointSeriesElements>